Workbook

Sheet Invulblad
W1: = Uitbesteed
W2: = Afgeleverd
W3: = Gereed
S4: Als order is afgeleverd, BEIDE op Afgevelerd zetten | W4: = Bij coater/verzinkerij
B5: Ordernummer: | C5: Omschrijving: | D5: Klant: | E5: Week: | F5: Totale uren: | G5: Medewerker 1: | H5: % uren 1: | I5: Uren 1: | J5: Medewerker 2: | K5: % uren 2: | L5: Uren 2: | M5: Medewerker 3: | N5: % uren 3: | O5: Uren 3: | P5: Controle % | Q5: Datum coater/verzinkerij: | R5: Datum gereed: | S5: Status: | T5: Hulpmaterialen: | W5: = Niet invullen!
I6: =IF(Tabel1[[#This Row],[% uren 1:]]="","",Tabel1[[#This Row],[% uren 1:]]*Tabel1[[#This Row],[Totale uren:]]) | L6: =IF(Tabel1[[#This Row],[% uren 2:]]="","",Tabel1[[#This Row],[% uren 2:]]*Tabel1[[#This Row],[Totale uren:]]) | O6: =IF(Tabel1[[#This Row],[% uren 3:]]="","",Tabel1[[#This Row],[% uren 3:]]*Tabel1[[#This Row],[Totale uren:]]) | P6: =IF(Tabel1[[#This Row],[Ordernummer:]]="","",SUM(Tabel1[[#This Row],[% uren 1:]],Tabel1[[#This Row],[% uren 2:]],Tabel1[[#This Row],[% uren 3:]]))
I7: =IF(Tabel1[[#This Row],[% uren 1:]]="","",Tabel1[[#This Row],[% uren 1:]]*Tabel1[[#This Row],[Totale uren:]]) | L7: =IF(Tabel1[[#This Row],[% uren 2:]]="","",Tabel1[[#This Row],[% uren 2:]]*Tabel1[[#This Row],[Totale uren:]]) | O7: =IF(Tabel1[[#This Row],[% uren 3:]]="","",Tabel1[[#This Row],[% uren 3:]]*Tabel1[[#This Row],[Totale uren:]]) | P7: =IF(Tabel1[[#This Row],[Ordernummer:]]="","",SUM(Tabel1[[#This Row],[% uren 1:]],Tabel1[[#This Row],[% uren 2:]],Tabel1[[#This Row],[% uren 3:]]))
I8: =IF(Tabel1[[#This Row],[% uren 1:]]="","",Tabel1[[#This Row],[% uren 1:]]*Tabel1[[#This Row],[Totale uren:]]) | L8: =IF(Tabel1[[#This Row],[% uren 2:]]="","",Tabel1[[#This Row],[% uren 2:]]*Tabel1[[#This Row],[Totale uren:]]) | O8: =IF(Tabel1[[#This Row],[% uren 3:]]="","",Tabel1[[#This Row],[% uren 3:]]*Tabel1[[#This Row],[Totale uren:]]) | P8: =IF(Tabel1[[#This Row],[Ordernummer:]]="","",SUM(Tabel1[[#This Row],[% uren 1:]],Tabel1[[#This Row],[% uren 2:]],Tabel1[[#This Row],[% uren 3:]]))
I9: =IF(Tabel1[[#This Row],[% uren 1:]]="","",Tabel1[[#This Row],[% uren 1:]]*Tabel1[[#This Row],[Totale uren:]]) | L9: =IF(Tabel1[[#This Row],[% uren 2:]]="","",Tabel1[[#This Row],[% uren 2:]]*Tabel1[[#This Row],[Totale uren:]]) | O9: =IF(Tabel1[[#This Row],[% uren 3:]]="","",Tabel1[[#This Row],[% uren 3:]]*Tabel1[[#This Row],[Totale uren:]]) | P9: =IF(Tabel1[[#This Row],[Ordernummer:]]="","",SUM(Tabel1[[#This Row],[% uren 1:]],Tabel1[[#This Row],[% uren 2:]],Tabel1[[#This Row],[% uren 3:]]))
I10: =IF(Tabel1[[#This Row],[% uren 1:]]="","",Tabel1[[#This Row],[% uren 1:]]*Tabel1[[#This Row],[Totale uren:]]) | L10: =IF(Tabel1[[#This Row],[% uren 2:]]="","",Tabel1[[#This Row],[% uren 2:]]*Tabel1[[#This Row],[Totale uren:]]) | O10: =IF(Tabel1[[#This Row],[% uren 3:]]="","",Tabel1[[#This Row],[% uren 3:]]*Tabel1[[#This Row],[Totale uren:]]) | P10: =IF(Tabel1[[#This Row],[Ordernummer:]]="","",SUM(Tabel1[[#This Row],[% uren 1:]],Tabel1[[#This Row],[% uren 2:]],Tabel1[[#This Row],[% uren 3:]]))
I11: =IF(Tabel1[[#This Row],[% uren 1:]]="","",Tabel1[[#This Row],[% uren 1:]]*Tabel1[[#This Row],[Totale uren:]]) | L11: =IF(Tabel1[[#This Row],[% uren 2:]]="","",Tabel1[[#This Row],[% uren 2:]]*Tabel1[[#This Row],[Totale uren:]]) | O11: =IF(Tabel1[[#This Row],[% uren 3:]]="","",Tabel1[[#This Row],[% uren 3:]]*Tabel1[[#This Row],[Totale uren:]]) | P11: =IF(Tabel1[[#This Row],[Ordernummer:]]="","",SUM(Tabel1[[#This Row],[% uren 1:]],Tabel1[[#This Row],[% uren 2:]],Tabel1[[#This Row],[% uren 3:]]))
I12: =IF(Tabel1[[#This Row],[% uren 1:]]="","",Tabel1[[#This Row],[% uren 1:]]*Tabel1[[#This Row],[Totale uren:]]) | L12: =IF(Tabel1[[#This Row],[% uren 2:]]="","",Tabel1[[#This Row],[% uren 2:]]*Tabel1[[#This Row],[Totale uren:]]) | O12: =IF(Tabel1[[#This Row],[% uren 3:]]="","",Tabel1[[#This Row],[% uren 3:]]*Tabel1[[#This Row],[Totale uren:]]) | P12: =IF(Tabel1[[#This Row],[Ordernummer:]]="","",SUM(Tabel1[[#This Row],[% uren 1:]],Tabel1[[#This Row],[% uren 2:]],Tabel1[[#This Row],[% uren 3:]]))
I13: =IF(Tabel1[[#This Row],[% uren 1:]]="","",Tabel1[[#This Row],[% uren 1:]]*Tabel1[[#This Row],[Totale uren:]]) | L13: =IF(Tabel1[[#This Row],[% uren 2:]]="","",Tabel1[[#This Row],[% uren 2:]]*Tabel1[[#This Row],[Totale uren:]]) | O13: =IF(Tabel1[[#This Row],[% uren 3:]]="","",Tabel1[[#This Row],[% uren 3:]]*Tabel1[[#This Row],[Totale uren:]]) | P13: =IF(Tabel1[[#This Row],[Ordernummer:]]="","",SUM(Tabel1[[#This Row],[% uren 1:]],Tabel1[[#This Row],[% uren 2:]],Tabel1[[#This Row],[% uren 3:]]))
I14: =IF(Tabel1[[#This Row],[% uren 1:]]="","",Tabel1[[#This Row],[% uren 1:]]*Tabel1[[#This Row],[Totale uren:]]) | L14: =IF(Tabel1[[#This Row],[% uren 2:]]="","",Tabel1[[#This Row],[% uren 2:]]*Tabel1[[#This Row],[Totale uren:]]) | O14: =IF(Tabel1[[#This Row],[% uren 3:]]="","",Tabel1[[#This Row],[% uren 3:]]*Tabel1[[#This Row],[Totale uren:]]) | P14: =IF(Tabel1[[#This Row],[Ordernummer:]]="","",SUM(Tabel1[[#This Row],[% uren 1:]],Tabel1[[#This Row],[% uren 2:]],Tabel1[[#This Row],[% uren 3:]]))
I15: =IF(Tabel1[[#This Row],[% uren 1:]]="","",Tabel1[[#This Row],[% uren 1:]]*Tabel1[[#This Row],[Totale uren:]]) | L15: =IF(Tabel1[[#This Row],[% uren 2:]]="","",Tabel1[[#This Row],[% uren 2:]]*Tabel1[[#This Row],[Totale uren:]]) | O15: =IF(Tabel1[[#This Row],[% uren 3:]]="","",Tabel1[[#This Row],[% uren 3:]]*Tabel1[[#This Row],[Totale uren:]]) | P15: =IF(Tabel1[[#This Row],[Ordernummer:]]="","",SUM(Tabel1[[#This Row],[% uren 1:]],Tabel1[[#This Row],[% uren 2:]],Tabel1[[#This Row],[% uren 3:]]))
I16: =IF(Tabel1[[#This Row],[% uren 1:]]="","",Tabel1[[#This Row],[% uren 1:]]*Tabel1[[#This Row],[Totale uren:]]) | L16: =IF(Tabel1[[#This Row],[% uren 2:]]="","",Tabel1[[#This Row],[% uren 2:]]*Tabel1[[#This Row],[Totale uren:]]) | O16: =IF(Tabel1[[#This Row],[% uren 3:]]="","",Tabel1[[#This Row],[% uren 3:]]*Tabel1[[#This Row],[Totale uren:]]) | P16: =IF(Tabel1[[#This Row],[Ordernummer:]]="","",SUM(Tabel1[[#This Row],[% uren 1:]],Tabel1[[#This Row],[% uren 2:]],Tabel1[[#This Row],[% uren 3:]]))
I17: =IF(Tabel1[[#This Row],[% uren 1:]]="","",Tabel1[[#This Row],[% uren 1:]]*Tabel1[[#This Row],[Totale uren:]]) | L17: =IF(Tabel1[[#This Row],[% uren 2:]]="","",Tabel1[[#This Row],[% uren 2:]]*Tabel1[[#This Row],[Totale uren:]]) | O17: =IF(Tabel1[[#This Row],[% uren 3:]]="","",Tabel1[[#This Row],[% uren 3:]]*Tabel1[[#This Row],[Totale uren:]]) | P17: =IF(Tabel1[[#This Row],[Ordernummer:]]="","",SUM(Tabel1[[#This Row],[% uren 1:]],Tabel1[[#This Row],[% uren 2:]],Tabel1[[#This Row],[% uren 3:]]))
... I1003: =IF(Tabel1[[#This Row],[% uren 1:]]="","",Tabel1[[#This Row],[% uren 1:]]*Tabel1[[#This Row],[Totale uren:]]) | L1003: =IF(Tabel1[[#This Row],[% uren 2:]]="","",Tabel1[[#This Row],[% uren 2:]]*Tabel1[[#This Row],[Totale uren:]]) | O1003: =IF(Tabel1[[#This Row],[% uren 3:]]="","",Tabel1[[#This Row],[% uren 3:]]*Tabel1[[#This Row],[Totale uren:]]) | P1003: =IF(Tabel1[[#This Row],[Ordernummer:]]="","",SUM(Tabel1[[#This Row],[% uren 1:]],Tabel1[[#This Row],[% uren 2:]],Tabel1[[#This Row],[% uren 3:]]))

Sheet Dashboard
B2: Orderstatus | AQ2: Hulpmaterialen
C3: 1 - Werkvoorbereiding | P3: 4 - Materiaal binnen | AC3: 7 - Klaar voor coater/verzinkerij | AR3: Hulpmaterialen - Nog bestellen
C4: Order | E4: Omschrijving | J4: Klant | N4: Week | P4: Order | R4: Omschrijving | W4: Klant | AA4: Week | AC4: Order | AE4: Omschrijving | AJ4: Klant | AN4: Week | AR4: Order | AT4: Omschrijving | AY4: Klant | BC4: Week
C5: =IFERROR(IF('Ber. st. 1'!B4=0,"",'Ber. st. 1'!B4),"") | E5: =IF('Ber. st. 1'!C4=0,"",'Ber. st. 1'!C4) | J5: =IF('Ber. st. 1'!D4=0,"",'Ber. st. 1'!D4) | N5: =IF('Ber. st. 1'!E4=0,"",'Ber. st. 1'!E4) | P5: =IFERROR(IF('Ber. st. 4'!B4=0,"",'Ber. st. 4'!B4),"") | R5: =IF('Ber. st. 4'!C4=0,"",'Ber. st. 4'!C4) | W5: =IF('Ber. st. 4'!D4=0,"",'Ber. st. 4'!D4) | AA5: =IF('Ber. st. 4'!E4=0,"",'Ber. st. 4'!E4) | AC5: =IFERROR(IF('Ber. st. 7'!B4=0,"",'Ber. st. 7'!B4),"") | AE5: =IF('Ber. st. 7'!C4=0,"",'Ber. st. 7'!C4) | AJ5: =IF('Ber. st. 7'!D4=0,"",'Ber. st. 7'!D4) | AN5: =IF('Ber. st. 7'!E4=0,"",'Ber. st. 7'!E4) | AR5: =IFERROR(IF('Ber. Hulpmateriaal'!B4=0,"",'Ber. Hulpmateriaal'!B4),"") | AT5: =IF('Ber. Hulpmateriaal'!C4=0,"",'Ber. Hulpmateriaal'!C4) | AY5: =IF('Ber. Hulpmateriaal'!D4=0,"",'Ber. Hulpmateriaal'!D4) | BC5: =IF('Ber. Hulpmateriaal'!E4=0,"",'Ber. Hulpmateriaal'!E4)
C6: =IF('Ber. st. 1'!B5=0,"",'Ber. st. 1'!B5) | E6: =IF('Ber. st. 1'!C5=0,"",'Ber. st. 1'!C5) | J6: =IF('Ber. st. 1'!D5=0,"",'Ber. st. 1'!D5) | N6: =IF('Ber. st. 1'!E5=0,"",'Ber. st. 1'!E5) | P6: =IF('Ber. st. 4'!B5=0,"",'Ber. st. 4'!B5) | R6: =IF('Ber. st. 4'!C5=0,"",'Ber. st. 4'!C5) | W6: =IF('Ber. st. 4'!D5=0,"",'Ber. st. 4'!D5) | AA6: =IF('Ber. st. 4'!E5=0,"",'Ber. st. 4'!E5) | AC6: =IF('Ber. st. 7'!B5=0,"",'Ber. st. 7'!B5) | AE6: =IF('Ber. st. 7'!C5=0,"",'Ber. st. 7'!C5) | AJ6: =IF('Ber. st. 7'!D5=0,"",'Ber. st. 7'!D5) | AN6: =IF('Ber. st. 7'!E5=0,"",'Ber. st. 7'!E5) | AR6: =IF('Ber. Hulpmateriaal'!B5=0,"",'Ber. Hulpmateriaal'!B5) | AT6: =IF('Ber. Hulpmateriaal'!C5=0,"",'Ber. Hulpmateriaal'!C5) | AY6: =IF('Ber. Hulpmateriaal'!D5=0,"",'Ber. Hulpmateriaal'!D5) | BC6: =IF('Ber. Hulpmateriaal'!E5=0,"",'Ber. Hulpmateriaal'!E5)
C7: =IF('Ber. st. 1'!B6=0,"",'Ber. st. 1'!B6) | E7: =IF('Ber. st. 1'!C6=0,"",'Ber. st. 1'!C6) | J7: =IF('Ber. st. 1'!D6=0,"",'Ber. st. 1'!D6) | N7: =IF('Ber. st. 1'!E6=0,"",'Ber. st. 1'!E6) | P7: =IF('Ber. st. 4'!B6=0,"",'Ber. st. 4'!B6) | R7: =IF('Ber. st. 4'!C6=0,"",'Ber. st. 4'!C6) | W7: =IF('Ber. st. 4'!D6=0,"",'Ber. st. 4'!D6) | AA7: =IF('Ber. st. 4'!E6=0,"",'Ber. st. 4'!E6) | AC7: =IF('Ber. st. 7'!B6=0,"",'Ber. st. 7'!B6) | AE7: =IF('Ber. st. 7'!C6=0,"",'Ber. st. 7'!C6) | AJ7: =IF('Ber. st. 7'!D6=0,"",'Ber. st. 7'!D6) | AN7: =IF('Ber. st. 7'!E6=0,"",'Ber. st. 7'!E6) | AR7: =IF('Ber. Hulpmateriaal'!B6=0,"",'Ber. Hulpmateriaal'!B6) | AT7: =IF('Ber. Hulpmateriaal'!C6=0,"",'Ber. Hulpmateriaal'!C6) | AY7: =IF('Ber. Hulpmateriaal'!D6=0,"",'Ber. Hulpmateriaal'!D6) | BC7: =IF('Ber. Hulpmateriaal'!E6=0,"",'Ber. Hulpmateriaal'!E6)
C8: =IF('Ber. st. 1'!B7=0,"",'Ber. st. 1'!B7) | E8: =IF('Ber. st. 1'!C7=0,"",'Ber. st. 1'!C7) | J8: =IF('Ber. st. 1'!D7=0,"",'Ber. st. 1'!D7) | N8: =IF('Ber. st. 1'!E7=0,"",'Ber. st. 1'!E7) | P8: =IF('Ber. st. 4'!B7=0,"",'Ber. st. 4'!B7) | R8: =IF('Ber. st. 4'!C7=0,"",'Ber. st. 4'!C7) | W8: =IF('Ber. st. 4'!D7=0,"",'Ber. st. 4'!D7) | AA8: =IF('Ber. st. 4'!E7=0,"",'Ber. st. 4'!E7) | AC8: =IF('Ber. st. 7'!B7=0,"",'Ber. st. 7'!B7) | AE8: =IF('Ber. st. 7'!C7=0,"",'Ber. st. 7'!C7) | AJ8: =IF('Ber. st. 7'!D7=0,"",'Ber. st. 7'!D7) | AN8: =IF('Ber. st. 7'!E7=0,"",'Ber. st. 7'!E7) | AR8: =IF('Ber. Hulpmateriaal'!B7=0,"",'Ber. Hulpmateriaal'!B7) | AT8: =IF('Ber. Hulpmateriaal'!C7=0,"",'Ber. Hulpmateriaal'!C7) | AY8: =IF('Ber. Hulpmateriaal'!D7=0,"",'Ber. Hulpmateriaal'!D7) | BC8: =IF('Ber. Hulpmateriaal'!E7=0,"",'Ber. Hulpmateriaal'!E7)
C9: =IF('Ber. st. 1'!B8=0,"",'Ber. st. 1'!B8) | E9: =IF('Ber. st. 1'!C8=0,"",'Ber. st. 1'!C8) | J9: =IF('Ber. st. 1'!D8=0,"",'Ber. st. 1'!D8) | N9: =IF('Ber. st. 1'!E8=0,"",'Ber. st. 1'!E8) | P9: =IF('Ber. st. 4'!B8=0,"",'Ber. st. 4'!B8) | R9: =IF('Ber. st. 4'!C8=0,"",'Ber. st. 4'!C8) | W9: =IF('Ber. st. 4'!D8=0,"",'Ber. st. 4'!D8) | AA9: =IF('Ber. st. 4'!E8=0,"",'Ber. st. 4'!E8) | AC9: =IF('Ber. st. 7'!B8=0,"",'Ber. st. 7'!B8) | AE9: =IF('Ber. st. 7'!C8=0,"",'Ber. st. 7'!C8) | AJ9: =IF('Ber. st. 7'!D8=0,"",'Ber. st. 7'!D8) | AN9: =IF('Ber. st. 7'!E8=0,"",'Ber. st. 7'!E8) | AR9: =IF('Ber. Hulpmateriaal'!B8=0,"",'Ber. Hulpmateriaal'!B8) | AT9: =IF('Ber. Hulpmateriaal'!C8=0,"",'Ber. Hulpmateriaal'!C8) | AY9: =IF('Ber. Hulpmateriaal'!D8=0,"",'Ber. Hulpmateriaal'!D8) | BC9: =IF('Ber. Hulpmateriaal'!E8=0,"",'Ber. Hulpmateriaal'!E8)
C10: =IF('Ber. st. 1'!B9=0,"",'Ber. st. 1'!B9) | E10: =IF('Ber. st. 1'!C9=0,"",'Ber. st. 1'!C9) | J10: =IF('Ber. st. 1'!D9=0,"",'Ber. st. 1'!D9) | N10: =IF('Ber. st. 1'!E9=0,"",'Ber. st. 1'!E9) | P10: =IF('Ber. st. 4'!B9=0,"",'Ber. st. 4'!B9) | R10: =IF('Ber. st. 4'!C9=0,"",'Ber. st. 4'!C9) | W10: =IF('Ber. st. 4'!D9=0,"",'Ber. st. 4'!D9) | AA10: =IF('Ber. st. 4'!E9=0,"",'Ber. st. 4'!E9) | AC10: =IF('Ber. st. 7'!B9=0,"",'Ber. st. 7'!B9) | AE10: =IF('Ber. st. 7'!C9=0,"",'Ber. st. 7'!C9) | AJ10: =IF('Ber. st. 7'!D9=0,"",'Ber. st. 7'!D9) | AN10: =IF('Ber. st. 7'!E9=0,"",'Ber. st. 7'!E9)
C11: =IF('Ber. st. 1'!B10=0,"",'Ber. st. 1'!B10) | E11: =IF('Ber. st. 1'!C10=0,"",'Ber. st. 1'!C10) | J11: =IF('Ber. st. 1'!D10=0,"",'Ber. st. 1'!D10) | N11: =IF('Ber. st. 1'!E10=0,"",'Ber. st. 1'!E10) | P11: =IF('Ber. st. 4'!B10=0,"",'Ber. st. 4'!B10) | R11: =IF('Ber. st. 4'!C10=0,"",'Ber. st. 4'!C10) | W11: =IF('Ber. st. 4'!D10=0,"",'Ber. st. 4'!D10) | AA11: =IF('Ber. st. 4'!E10=0,"",'Ber. st. 4'!E10) | AC11: =IF('Ber. st. 7'!B10=0,"",'Ber. st. 7'!B10) | AE11: =IF('Ber. st. 7'!C10=0,"",'Ber. st. 7'!C10) | AJ11: =IF('Ber. st. 7'!D10=0,"",'Ber. st. 7'!D10) | AN11: =IF('Ber. st. 7'!E10=0,"",'Ber. st. 7'!E10) | AR11: Hulpmaterialen - Besteld
AR12: Order | AT12: Omschrijving | AY12: Klant | BC12: Week
C13: 2 - Materiaal deels besteld | P13: 5 - Voorbereiden (Nobelweg 2B) | AC13: 8 - Bij coater/verzinkerij | AR13: =IFERROR(IF('Ber. Hulpmateriaal'!B17=0,"",'Ber. Hulpmateriaal'!B17),"") | AT13: =IF('Ber. Hulpmateriaal'!C17=0,"",'Ber. Hulpmateriaal'!C17) | AY13: =IF('Ber. Hulpmateriaal'!D17=0,"",'Ber. Hulpmateriaal'!D17) | BC13: =IF('Ber. Hulpmateriaal'!E17=0,"",'Ber. Hulpmateriaal'!E17)
C14: Order | E14: Omschrijving | J14: Klant | N14: Week | P14: Order | R14: Omschrijving | W14: Klant | AA14: Week | AC14: Order | AE14: Omschrijving | AJ14: Klant | AN14: Week | AR14: =IF('Ber. Hulpmateriaal'!B18=0,"",'Ber. Hulpmateriaal'!B18) | AT14: =IF('Ber. Hulpmateriaal'!C18=0,"",'Ber. Hulpmateriaal'!C18) | AY14: =IF('Ber. Hulpmateriaal'!D18=0,"",'Ber. Hulpmateriaal'!D18) | BC14: =IF('Ber. Hulpmateriaal'!E18=0,"",'Ber. Hulpmateriaal'!E18)
C15: =IFERROR(IF('Ber. st. 2'!B4=0,"",'Ber. st. 2'!B4),"") | E15: =IF('Ber. st. 2'!C4=0,"",'Ber. st. 2'!C4) | J15: =IF('Ber. st. 2'!D4=0,"",'Ber. st. 2'!D4) | N15: =IF('Ber. st. 2'!E4=0,"",'Ber. st. 2'!E4) | P15: =IFERROR(IF('Ber. st. 5'!B4=0,"",'Ber. st. 5'!B4),"") | R15: =IF('Ber. st. 5'!C4=0,"",'Ber. st. 5'!C4) | W15: =IF('Ber. st. 5'!D4=0,"",'Ber. st. 5'!D4) | AA15: =IF('Ber. st. 5'!E4=0,"",'Ber. st. 5'!E4) | AC15: =IFERROR(IF('Ber. st. 8'!B4=0,"",'Ber. st. 8'!B4),"") | AE15: =IF('Ber. st. 8'!C4=0,"",'Ber. st. 8'!C4) | AJ15: =IF('Ber. st. 8'!D4=0,"",'Ber. st. 8'!D4) | AN15: =IF('Ber. st. 8'!E4=0,"",'Ber. st. 8'!E4) | AR15: =IF('Ber. Hulpmateriaal'!B19=0,"",'Ber. Hulpmateriaal'!B19) | AT15: =IF('Ber. Hulpmateriaal'!C19=0,"",'Ber. Hulpmateriaal'!C19) | AY15: =IF('Ber. Hulpmateriaal'!D19=0,"",'Ber. Hulpmateriaal'!D19) | BC15: =IF('Ber. Hulpmateriaal'!E19=0,"",'Ber. Hulpmateriaal'!E19)
C16: =IF('Ber. st. 2'!B5=0,"",'Ber. st. 2'!B5) | E16: =IF('Ber. st. 2'!C5=0,"",'Ber. st. 2'!C5) | J16: =IF('Ber. st. 2'!D5=0,"",'Ber. st. 2'!D5) | N16: =IF('Ber. st. 2'!E5=0,"",'Ber. st. 2'!E5) | P16: =IF('Ber. st. 5'!B5=0,"",'Ber. st. 5'!B5) | R16: =IF('Ber. st. 5'!C5=0,"",'Ber. st. 5'!C5) | W16: =IF('Ber. st. 5'!D5=0,"",'Ber. st. 5'!D5) | AA16: =IF('Ber. st. 5'!E5=0,"",'Ber. st. 5'!E5) | AC16: =IF('Ber. st. 8'!B5=0,"",'Ber. st. 8'!B5) | AE16: =IF('Ber. st. 8'!C5=0,"",'Ber. st. 8'!C5) | AJ16: =IF('Ber. st. 8'!D5=0,"",'Ber. st. 8'!D5) | AN16: =IF('Ber. st. 8'!E5=0,"",'Ber. st. 8'!E5) | AR16: =IF('Ber. Hulpmateriaal'!B20=0,"",'Ber. Hulpmateriaal'!B20) | AT16: =IF('Ber. Hulpmateriaal'!C20=0,"",'Ber. Hulpmateriaal'!C20) | AY16: =IF('Ber. Hulpmateriaal'!D20=0,"",'Ber. Hulpmateriaal'!D20) | BC16: =IF('Ber. Hulpmateriaal'!E20=0,"",'Ber. Hulpmateriaal'!E20)
C17: =IF('Ber. st. 2'!B6=0,"",'Ber. st. 2'!B6) | E17: =IF('Ber. st. 2'!C6=0,"",'Ber. st. 2'!C6) | J17: =IF('Ber. st. 2'!D6=0,"",'Ber. st. 2'!D6) | N17: =IF('Ber. st. 2'!E6=0,"",'Ber. st. 2'!E6) | P17: =IF('Ber. st. 5'!B6=0,"",'Ber. st. 5'!B6) | R17: =IF('Ber. st. 5'!C6=0,"",'Ber. st. 5'!C6) | W17: =IF('Ber. st. 5'!D6=0,"",'Ber. st. 5'!D6) | AA17: =IF('Ber. st. 5'!E6=0,"",'Ber. st. 5'!E6) | AC17: =IF('Ber. st. 8'!B6=0,"",'Ber. st. 8'!B6) | AE17: =IF('Ber. st. 8'!C6=0,"",'Ber. st. 8'!C6) | AJ17: =IF('Ber. st. 8'!D6=0,"",'Ber. st. 8'!D6) | AN17: =IF('Ber. st. 8'!E6=0,"",'Ber. st. 8'!E6) | AR17: =IF('Ber. Hulpmateriaal'!B21=0,"",'Ber. Hulpmateriaal'!B21) | AT17: =IF('Ber. Hulpmateriaal'!C21=0,"",'Ber. Hulpmateriaal'!C21) | AY17: =IF('Ber. Hulpmateriaal'!D21=0,"",'Ber. Hulpmateriaal'!D21) | BC17: =IF('Ber. Hulpmateriaal'!E21=0,"",'Ber. Hulpmateriaal'!E21)
C18: =IF('Ber. st. 2'!B7=0,"",'Ber. st. 2'!B7) | E18: =IF('Ber. st. 2'!C7=0,"",'Ber. st. 2'!C7) | J18: =IF('Ber. st. 2'!D7=0,"",'Ber. st. 2'!D7) | N18: =IF('Ber. st. 2'!E7=0,"",'Ber. st. 2'!E7) | P18: =IF('Ber. st. 5'!B7=0,"",'Ber. st. 5'!B7) | R18: =IF('Ber. st. 5'!C7=0,"",'Ber. st. 5'!C7) | W18: =IF('Ber. st. 5'!D7=0,"",'Ber. st. 5'!D7) | AA18: =IF('Ber. st. 5'!E7=0,"",'Ber. st. 5'!E7) | AC18: =IF('Ber. st. 8'!B7=0,"",'Ber. st. 8'!B7) | AE18: =IF('Ber. st. 8'!C7=0,"",'Ber. st. 8'!C7) | AJ18: =IF('Ber. st. 8'!D7=0,"",'Ber. st. 8'!D7) | AN18: =IF('Ber. st. 8'!E7=0,"",'Ber. st. 8'!E7)
C19: =IF('Ber. st. 2'!B8=0,"",'Ber. st. 2'!B8) | E19: =IF('Ber. st. 2'!C8=0,"",'Ber. st. 2'!C8) | J19: =IF('Ber. st. 2'!D8=0,"",'Ber. st. 2'!D8) | N19: =IF('Ber. st. 2'!E8=0,"",'Ber. st. 2'!E8) | P19: =IF('Ber. st. 5'!B8=0,"",'Ber. st. 5'!B8) | R19: =IF('Ber. st. 5'!C8=0,"",'Ber. st. 5'!C8) | W19: =IF('Ber. st. 5'!D8=0,"",'Ber. st. 5'!D8) | AA19: =IF('Ber. st. 5'!E8=0,"",'Ber. st. 5'!E8) | AC19: =IF('Ber. st. 8'!B8=0,"",'Ber. st. 8'!B8) | AE19: =IF('Ber. st. 8'!C8=0,"",'Ber. st. 8'!C8) | AJ19: =IF('Ber. st. 8'!D8=0,"",'Ber. st. 8'!D8) | AN19: =IF('Ber. st. 8'!E8=0,"",'Ber. st. 8'!E8) | AR19: Hulpmaterialen - Compleet
AR20: Order | AT20: Omschrijving | AY20: Klant | BC20: Week
C21: 3 - Materiaal besteld | P21: 6 - In productie (Nobelweg 3) | AC21: 9 - Gereed, kan worden opgehaald | AR21: =IFERROR(IF('Ber. Hulpmateriaal'!B30=0,"",'Ber. Hulpmateriaal'!B30),"") | AT21: =IF('Ber. Hulpmateriaal'!C30=0,"",'Ber. Hulpmateriaal'!C30) | AY21: =IF('Ber. Hulpmateriaal'!D30=0,"",'Ber. Hulpmateriaal'!D30) | BC21: =IF('Ber. Hulpmateriaal'!E30=0,"",'Ber. Hulpmateriaal'!E30)
C22: Order | E22: Omschrijving | J22: Klant | N22: Week | P22: Order | R22: Omschrijving | W22: Klant | AA22: Week | AC22: Order | AE22: Omschrijving | AJ22: Klant | AN22: Week | AR22: =IF('Ber. Hulpmateriaal'!B31=0,"",'Ber. Hulpmateriaal'!B31) | AT22: =IF('Ber. Hulpmateriaal'!C31=0,"",'Ber. Hulpmateriaal'!C31) | AY22: =IF('Ber. Hulpmateriaal'!D31=0,"",'Ber. Hulpmateriaal'!D31) | BC22: =IF('Ber. Hulpmateriaal'!E31=0,"",'Ber. Hulpmateriaal'!E31)
C23: =IFERROR(IF('Ber. st. 3'!B4=0,"",'Ber. st. 3'!B4),"") | E23: =IF('Ber. st. 3'!C4=0,"",'Ber. st. 3'!C4) | J23: =IF('Ber. st. 3'!D4=0,"",'Ber. st. 3'!D4) | N23: =IF('Ber. st. 3'!E4=0,"",'Ber. st. 3'!E4) | P23: =IFERROR(IF('Ber. st. 6'!B4=0,"",'Ber. st. 6'!B4),"") | R23: =IF('Ber. st. 6'!C4=0,"",'Ber. st. 6'!C4) | W23: =IF('Ber. st. 6'!D4=0,"",'Ber. st. 6'!D4) | AA23: =IF('Ber. st. 6'!E4=0,"",'Ber. st. 6'!E4) | AC23: =IFERROR(IF('Ber. st. 9'!B4=0,"",'Ber. st. 9'!B4),"") | AE23: =IF('Ber. st. 9'!C4=0,"",'Ber. st. 9'!C4) | AJ23: =IF('Ber. st. 9'!D4=0,"",'Ber. st. 9'!D4) | AN23: =IF('Ber. st. 9'!E4=0,"",'Ber. st. 9'!E4) | AR23: =IF('Ber. Hulpmateriaal'!B32=0,"",'Ber. Hulpmateriaal'!B32) | AT23: =IF('Ber. Hulpmateriaal'!C32=0,"",'Ber. Hulpmateriaal'!C32) | AY23: =IF('Ber. Hulpmateriaal'!D32=0,"",'Ber. Hulpmateriaal'!D32) | BC23: =IF('Ber. Hulpmateriaal'!E32=0,"",'Ber. Hulpmateriaal'!E32)
C24: =IF('Ber. st. 3'!B5=0,"",'Ber. st. 3'!B5) | E24: =IF('Ber. st. 3'!C5=0,"",'Ber. st. 3'!C5) | J24: =IF('Ber. st. 3'!D5=0,"",'Ber. st. 3'!D5) | N24: =IF('Ber. st. 3'!E5=0,"",'Ber. st. 3'!E5) | P24: =IF('Ber. st. 6'!B5=0,"",'Ber. st. 6'!B5) | R24: =IF('Ber. st. 6'!C5=0,"",'Ber. st. 6'!C5) | W24: =IF('Ber. st. 6'!D5=0,"",'Ber. st. 6'!D5) | AA24: =IF('Ber. st. 6'!E5=0,"",'Ber. st. 6'!E5) | AC24: =IF('Ber. st. 9'!B5=0,"",'Ber. st. 9'!B5) | AE24: =IF('Ber. st. 9'!C5=0,"",'Ber. st. 9'!C5) | AJ24: =IF('Ber. st. 9'!D5=0,"",'Ber. st. 9'!D5) | AN24: =IF('Ber. st. 9'!E5=0,"",'Ber. st. 9'!E5) | AR24: =IF('Ber. Hulpmateriaal'!B33=0,"",'Ber. Hulpmateriaal'!B33) | AT24: =IF('Ber. Hulpmateriaal'!C33=0,"",'Ber. Hulpmateriaal'!C33) | AY24: =IF('Ber. Hulpmateriaal'!D33=0,"",'Ber. Hulpmateriaal'!D33) | BC24: =IF('Ber. Hulpmateriaal'!E33=0,"",'Ber. Hulpmateriaal'!E33)
C25: =IF('Ber. st. 3'!B6=0,"",'Ber. st. 3'!B6) | E25: =IF('Ber. st. 3'!C6=0,"",'Ber. st. 3'!C6) | J25: =IF('Ber. st. 3'!D6=0,"",'Ber. st. 3'!D6) | N25: =IF('Ber. st. 3'!E6=0,"",'Ber. st. 3'!E6) | P25: =IF('Ber. st. 6'!B6=0,"",'Ber. st. 6'!B6) | R25: =IF('Ber. st. 6'!C6=0,"",'Ber. st. 6'!C6) | W25: =IF('Ber. st. 6'!D6=0,"",'Ber. st. 6'!D6) | AA25: =IF('Ber. st. 6'!E6=0,"",'Ber. st. 6'!E6) | AC25: =IF('Ber. st. 9'!B6=0,"",'Ber. st. 9'!B6) | AE25: =IF('Ber. st. 9'!C6=0,"",'Ber. st. 9'!C6) | AJ25: =IF('Ber. st. 9'!D6=0,"",'Ber. st. 9'!D6) | AN25: =IF('Ber. st. 9'!E6=0,"",'Ber. st. 9'!E6) | AR25: =IF('Ber. Hulpmateriaal'!B34=0,"",'Ber. Hulpmateriaal'!B34) | AT25: =IF('Ber. Hulpmateriaal'!C34=0,"",'Ber. Hulpmateriaal'!C34) | AY25: =IF('Ber. Hulpmateriaal'!D34=0,"",'Ber. Hulpmateriaal'!D34) | BC25: =IF('Ber. Hulpmateriaal'!E34=0,"",'Ber. Hulpmateriaal'!E34)
C26: =IF('Ber. st. 3'!B7=0,"",'Ber. st. 3'!B7) | E26: =IF('Ber. st. 3'!C7=0,"",'Ber. st. 3'!C7) | J26: =IF('Ber. st. 3'!D7=0,"",'Ber. st. 3'!D7) | N26: =IF('Ber. st. 3'!E7=0,"",'Ber. st. 3'!E7) | P26: =IF('Ber. st. 6'!B7=0,"",'Ber. st. 6'!B7) | R26: =IF('Ber. st. 6'!C7=0,"",'Ber. st. 6'!C7) | W26: =IF('Ber. st. 6'!D7=0,"",'Ber. st. 6'!D7) | AA26: =IF('Ber. st. 6'!E7=0,"",'Ber. st. 6'!E7) | AC26: =IF('Ber. st. 9'!B7=0,"",'Ber. st. 9'!B7) | AE26: =IF('Ber. st. 9'!C7=0,"",'Ber. st. 9'!C7) | AJ26: =IF('Ber. st. 9'!D7=0,"",'Ber. st. 9'!D7) | AN26: =IF('Ber. st. 9'!E7=0,"",'Ber. st. 9'!E7)
C27: =IF('Ber. st. 3'!B8=0,"",'Ber. st. 3'!B8) | E27: =IF('Ber. st. 3'!C8=0,"",'Ber. st. 3'!C8) | J27: =IF('Ber. st. 3'!D8=0,"",'Ber. st. 3'!D8) | N27: =IF('Ber. st. 3'!E8=0,"",'Ber. st. 3'!E8) | P27: =IF('Ber. st. 6'!B8=0,"",'Ber. st. 6'!B8) | R27: =IF('Ber. st. 6'!C8=0,"",'Ber. st. 6'!C8) | W27: =IF('Ber. st. 6'!D8=0,"",'Ber. st. 6'!D8) | AA27: =IF('Ber. st. 6'!E8=0,"",'Ber. st. 6'!E8) | AC27: =IF('Ber. st. 9'!B8=0,"",'Ber. st. 9'!B8) | AE27: =IF('Ber. st. 9'!C8=0,"",'Ber. st. 9'!C8) | AJ27: =IF('Ber. st. 9'!D8=0,"",'Ber. st. 9'!D8) | AN27: =IF('Ber. st. 9'!E8=0,"",'Ber. st. 9'!E8)
C28: =IF('Ber. st. 3'!B9=0,"",'Ber. st. 3'!B9) | E28: =IF('Ber. st. 3'!C9=0,"",'Ber. st. 3'!C9) | J28: =IF('Ber. st. 3'!D9=0,"",'Ber. st. 3'!D9) | N28: =IF('Ber. st. 3'!E9=0,"",'Ber. st. 3'!E9) | P28: =IF('Ber. st. 6'!B9=0,"",'Ber. st. 6'!B9) | R28: =IF('Ber. st. 6'!C9=0,"",'Ber. st. 6'!C9) | W28: =IF('Ber. st. 6'!D9=0,"",'Ber. st. 6'!D9) | AA28: =IF('Ber. st. 6'!E9=0,"",'Ber. st. 6'!E9) | AC28: =IF('Ber. st. 9'!B9=0,"",'Ber. st. 9'!B9) | AE28: =IF('Ber. st. 9'!C9=0,"",'Ber. st. 9'!C9) | AJ28: =IF('Ber. st. 9'!D9=0,"",'Ber. st. 9'!D9) | AN28: =IF('Ber. st. 9'!E9=0,"",'Ber. st. 9'!E9)
C29: =IF('Ber. st. 3'!B10=0,"",'Ber. st. 3'!B10) | E29: =IF('Ber. st. 3'!C10=0,"",'Ber. st. 3'!C10) | J29: =IF('Ber. st. 3'!D10=0,"",'Ber. st. 3'!D10) | N29: =IF('Ber. st. 3'!E10=0,"",'Ber. st. 3'!E10) | P29: =IF('Ber. st. 6'!B10=0,"",'Ber. st. 6'!B10) | R29: =IF('Ber. st. 6'!C10=0,"",'Ber. st. 6'!C10) | W29: =IF('Ber. st. 6'!D10=0,"",'Ber. st. 6'!D10) | AA29: =IF('Ber. st. 6'!E10=0,"",'Ber. st. 6'!E10) | AC29: =IF('Ber. st. 9'!B10=0,"",'Ber. st. 9'!B10) | AE29: =IF('Ber. st. 9'!C10=0,"",'Ber. st. 9'!C10) | AJ29: =IF('Ber. st. 9'!D10=0,"",'Ber. st. 9'!D10) | AN29: =IF('Ber. st. 9'!E10=0,"",'Ber. st. 9'!E10)
C32: Week: | E32: 9 | G32: Totale uren p. week: | K32: 200 | M32: Beschikbaar: | O32: =K32-SUM(Q34:Q58) -> 200 | S32: Week: | U32: =E32+1 -> 10 | W32: Totale uren p. week: | AA32: 200 | AC32: Beschikbaar: | AH32: =AA32-SUM(AI34:AJ58) -> 200 | AL32: Week: | AN32: =U32+1 -> 11 | AP32: Totale uren p. week: | AV32: 200 | AX32: Beschikbaar: | BA32: =AV32-SUM(BA34:BB58) -> 200
D33: Order | F33: Omschrijving | K33: Klant | N33: St. | O33: Uren | Q33: Tot. | T33: Order | V33: Omschrijving | AB33: Klant | AF33: St. | AH33: Uren | AI33: Tot. | AM33: Order | AO33: Omschrijving | AV33: Klant | AY33: St. | AZ33: Uren | BA33: Tot.
C34: Tomasz | D34: =IF('Ber. Planning Tomasz'!AF4="","",'Ber. Planning Tomasz'!AF4) | F34: =IF('Ber. Planning Tomasz'!AG4="","",'Ber. Planning Tomasz'!AG4) | K34: =IF('Ber. Planning Tomasz'!AH4="","",'Ber. Planning Tomasz'!AH4) | N34: =IF('Ber. Planning Tomasz'!AJ4="","",'Ber. Planning Tomasz'!AJ4) | O34: =IF('Ber. Planning Tomasz'!AI4="","",'Ber. Planning Tomasz'!AI4) | Q34: =SUM(O34:P38) -> 0 | R34: =IF(Q34<>'Ber. Planning Tomasz'!AI15,"!","") | S34: Dariusz | T34: =IF('Ber. Planning Tomasz'!AF19="","",'Ber. Planning Tomasz'!AF19) | V34: =IF('Ber. Planning Tomasz'!AG19="","",'Ber. Planning Tomasz'!AG19) | AB34: =IF('Ber. Planning Tomasz'!AH19="","",'Ber. Planning Tomasz'!AH19) | AF34: =IF('Ber. Planning Tomasz'!AJ19="","",'Ber. Planning Tomasz'!AJ19) | AH34: =IF('Ber. Planning Tomasz'!AI19="","",'Ber. Planning Tomasz'!AI19) | AI34: =SUM(AH34:AH38) -> 0 | AK34: =IF(AI34<>'Ber. Planning Tomasz'!AI30,"!","") | AL34: Dariusz | AM34: =IF('Ber. Planning Tomasz'!AF34="","",'Ber. Planning Tomasz'!AF34) | AO34: =IF('Ber. Planning Tomasz'!AG34="","",'Ber. Planning Tomasz'!AG34) | AV34: =IF('Ber. Planning Tomasz'!AH34="","",'Ber. Planning Tomasz'!AH34) | AY34: =IF('Ber. Planning Tomasz'!AJ34="","",'Ber. Planning Tomasz'!AJ34) | AZ34: =IF('Ber. Planning Tomasz'!AI34="","",'Ber. Planning Tomasz'!AI34) | BA34: =SUM(AZ34:AZ38) -> 0 | BC34: =IF(BA34<>'Ber. Planning Tomasz'!AI45,"!","")
D35: =IF('Ber. Planning Tomasz'!AF5="","",'Ber. Planning Tomasz'!AF5) | F35: =IF('Ber. Planning Tomasz'!AG5="","",'Ber. Planning Tomasz'!AG5) | K35: =IF('Ber. Planning Tomasz'!AH5="","",'Ber. Planning Tomasz'!AH5) | N35: =IF('Ber. Planning Tomasz'!AJ5="","",'Ber. Planning Tomasz'!AJ5) | O35: =IF('Ber. Planning Tomasz'!AI5="","",'Ber. Planning Tomasz'!AI5) | T35: =IF('Ber. Planning Tomasz'!AF20="","",'Ber. Planning Tomasz'!AF20) | V35: =IF('Ber. Planning Tomasz'!AG20="","",'Ber. Planning Tomasz'!AG20) | AB35: =IF('Ber. Planning Tomasz'!AH20="","",'Ber. Planning Tomasz'!AH20) | AF35: =IF('Ber. Planning Tomasz'!AJ20="","",'Ber. Planning Tomasz'!AJ20) | AH35: =IF('Ber. Planning Tomasz'!AI20="","",'Ber. Planning Tomasz'!AI20) | AM35: =IF('Ber. Planning Tomasz'!AF35="","",'Ber. Planning Tomasz'!AF35) | AO35: =IF('Ber. Planning Tomasz'!AG35="","",'Ber. Planning Tomasz'!AG35) | AV35: =IF('Ber. Planning Tomasz'!AH35="","",'Ber. Planning Tomasz'!AH35) | AY35: =IF('Ber. Planning Tomasz'!AJ35="","",'Ber. Planning Tomasz'!AJ35) | AZ35: =IF('Ber. Planning Tomasz'!AI35="","",'Ber. Planning Tomasz'!AI35)
D36: =IF('Ber. Planning Tomasz'!AF6="","",'Ber. Planning Tomasz'!AF6) | F36: =IF('Ber. Planning Tomasz'!AG6="","",'Ber. Planning Tomasz'!AG6) | K36: =IF('Ber. Planning Tomasz'!AH6="","",'Ber. Planning Tomasz'!AH6) | N36: =IF('Ber. Planning Tomasz'!AJ6="","",'Ber. Planning Tomasz'!AJ6) | O36: =IF('Ber. Planning Tomasz'!AI6="","",'Ber. Planning Tomasz'!AI6) | T36: =IF('Ber. Planning Tomasz'!AF21="","",'Ber. Planning Tomasz'!AF21) | V36: =IF('Ber. Planning Tomasz'!AG21="","",'Ber. Planning Tomasz'!AG21) | AB36: =IF('Ber. Planning Tomasz'!AH21="","",'Ber. Planning Tomasz'!AH21) | AF36: =IF('Ber. Planning Tomasz'!AJ21="","",'Ber. Planning Tomasz'!AJ21) | AH36: =IF('Ber. Planning Tomasz'!AI21="","",'Ber. Planning Tomasz'!AI21) | AM36: =IF('Ber. Planning Tomasz'!AF36="","",'Ber. Planning Tomasz'!AF36) | AO36: =IF('Ber. Planning Tomasz'!AG36="","",'Ber. Planning Tomasz'!AG36) | AV36: =IF('Ber. Planning Tomasz'!AH36="","",'Ber. Planning Tomasz'!AH36) | AY36: =IF('Ber. Planning Tomasz'!AJ36="","",'Ber. Planning Tomasz'!AJ36) | AZ36: =IF('Ber. Planning Tomasz'!AI36="","",'Ber. Planning Tomasz'!AI36)
D37: =IF('Ber. Planning Tomasz'!AF7="","",'Ber. Planning Tomasz'!AF7) | F37: =IF('Ber. Planning Tomasz'!AG7="","",'Ber. Planning Tomasz'!AG7) | K37: =IF('Ber. Planning Tomasz'!AH7="","",'Ber. Planning Tomasz'!AH7) | N37: =IF('Ber. Planning Tomasz'!AJ7="","",'Ber. Planning Tomasz'!AJ7) | O37: =IF('Ber. Planning Tomasz'!AI7="","",'Ber. Planning Tomasz'!AI7) | T37: =IF('Ber. Planning Tomasz'!AF22="","",'Ber. Planning Tomasz'!AF22) | V37: =IF('Ber. Planning Tomasz'!AG22="","",'Ber. Planning Tomasz'!AG22) | AB37: =IF('Ber. Planning Tomasz'!AH22="","",'Ber. Planning Tomasz'!AH22) | AF37: =IF('Ber. Planning Tomasz'!AJ22="","",'Ber. Planning Tomasz'!AJ22) | AH37: =IF('Ber. Planning Tomasz'!AI22="","",'Ber. Planning Tomasz'!AI22) | AM37: =IF('Ber. Planning Tomasz'!AF37="","",'Ber. Planning Tomasz'!AF37) | AO37: =IF('Ber. Planning Tomasz'!AG37="","",'Ber. Planning Tomasz'!AG37) | AV37: =IF('Ber. Planning Tomasz'!AH37="","",'Ber. Planning Tomasz'!AH37) | AY37: =IF('Ber. Planning Tomasz'!AJ37="","",'Ber. Planning Tomasz'!AJ37) | AZ37: =IF('Ber. Planning Tomasz'!AI37="","",'Ber. Planning Tomasz'!AI37)
D38: =IF('Ber. Planning Tomasz'!AF8="","",'Ber. Planning Tomasz'!AF8) | F38: =IF('Ber. Planning Tomasz'!AG8="","",'Ber. Planning Tomasz'!AG8) | K38: =IF('Ber. Planning Tomasz'!AH8="","",'Ber. Planning Tomasz'!AH8) | N38: =IF('Ber. Planning Tomasz'!AJ8="","",'Ber. Planning Tomasz'!AJ8) | O38: =IF('Ber. Planning Tomasz'!AI8="","",'Ber. Planning Tomasz'!AI8) | T38: =IF('Ber. Planning Tomasz'!AF23="","",'Ber. Planning Tomasz'!AF23) | V38: =IF('Ber. Planning Tomasz'!AG23="","",'Ber. Planning Tomasz'!AG23) | AB38: =IF('Ber. Planning Tomasz'!AH23="","",'Ber. Planning Tomasz'!AH23) | AF38: =IF('Ber. Planning Tomasz'!AJ23="","",'Ber. Planning Tomasz'!AJ23) | AH38: =IF('Ber. Planning Tomasz'!AI23="","",'Ber. Planning Tomasz'!AI23) | AM38: =IF('Ber. Planning Tomasz'!AF38="","",'Ber. Planning Tomasz'!AF38) | AO38: =IF('Ber. Planning Tomasz'!AG38="","",'Ber. Planning Tomasz'!AG38) | AV38: =IF('Ber. Planning Tomasz'!AH38="","",'Ber. Planning Tomasz'!AH38) | AY38: =IF('Ber. Planning Tomasz'!AJ38="","",'Ber. Planning Tomasz'!AJ38) | AZ38: =IF('Ber. Planning Tomasz'!AI38="","",'Ber. Planning Tomasz'!AI38)
C39: Ed | D39: =IF('Ber. Planning Ed'!AF$4="","",'Ber. Planning Ed'!AF$4) | F39: =IF('Ber. Planning Ed'!AG$4="","",'Ber. Planning Ed'!AG$4) | K39: =IF('Ber. Planning Ed'!AH$4="","",'Ber. Planning Ed'!AH$4) | N39: =IF('Ber. Planning Ed'!AJ$4="","",'Ber. Planning Ed'!AJ$4) | O39: =IF('Ber. Planning Ed'!AI$4="","",'Ber. Planning Ed'!AI$4) | Q39: =SUM(O39:P43) -> 0 | R39: =IF(Q39<>'Ber. Planning Ed'!AI15,"!","") | S39: Ed | T39: =IF('Ber. Planning Ed'!AF19="","",'Ber. Planning Ed'!AF19) | V39: =IF('Ber. Planning Ed'!AG19="","",'Ber. Planning Ed'!AG19) | AB39: =IF('Ber. Planning Ed'!AH19="","",'Ber. Planning Ed'!AH19) | AF39: =IF('Ber. Planning Ed'!AJ19="","",'Ber. Planning Ed'!AJ19) | AH39: =IF('Ber. Planning Ed'!AI19="","",'Ber. Planning Ed'!AI19) | AI39: =SUM(AH39:AH43) -> 0 | AK39: =IF(AI39<>'Ber. Planning Ed'!AI30,"!","") | AL39: Ed | AM39: =IF('Ber. Planning Ed'!AF34="","",'Ber. Planning Ed'!AF34) | AO39: =IF('Ber. Planning Ed'!AG34="","",'Ber. Planning Ed'!AG34) | AV39: =IF('Ber. Planning Ed'!AH34="","",'Ber. Planning Ed'!AH34) | AY39: =IF('Ber. Planning Ed'!AJ34="","",'Ber. Planning Ed'!AJ34) | AZ39: =IF('Ber. Planning Ed'!AI34="","",'Ber. Planning Ed'!AI34) | BA39: =SUM(AZ39:AZ43) -> 0 | BC39: =IF(BA39<>'Ber. Planning Ed'!AI45,"!","")
D40: =IF('Ber. Planning Ed'!AF5="","",'Ber. Planning Ed'!AF5) | F40: =IF('Ber. Planning Ed'!AG5="","",'Ber. Planning Ed'!AG5) | K40: =IF('Ber. Planning Ed'!AH5="","",'Ber. Planning Ed'!AH5) | N40: =IF('Ber. Planning Ed'!AJ5="","",'Ber. Planning Ed'!AJ5) | O40: =IF('Ber. Planning Ed'!AI5="","",'Ber. Planning Ed'!AI5) | T40: =IF('Ber. Planning Ed'!AF20="","",'Ber. Planning Ed'!AF20) | V40: =IF('Ber. Planning Ed'!AG20="","",'Ber. Planning Ed'!AG20) | AB40: =IF('Ber. Planning Ed'!AH20="","",'Ber. Planning Ed'!AH20) | AF40: =IF('Ber. Planning Ed'!AJ20="","",'Ber. Planning Ed'!AJ20) | AH40: =IF('Ber. Planning Ed'!AI20="","",'Ber. Planning Ed'!AI20) | AM40: =IF('Ber. Planning Ed'!AF35="","",'Ber. Planning Ed'!AF35) | AO40: =IF('Ber. Planning Ed'!AG35="","",'Ber. Planning Ed'!AG35) | AV40: =IF('Ber. Planning Ed'!AH35="","",'Ber. Planning Ed'!AH35) | AY40: =IF('Ber. Planning Ed'!AJ35="","",'Ber. Planning Ed'!AJ35) | AZ40: =IF('Ber. Planning Ed'!AI35="","",'Ber. Planning Ed'!AI35)
D41: =IF('Ber. Planning Ed'!AF6="","",'Ber. Planning Ed'!AF6) | F41: =IF('Ber. Planning Ed'!AG6="","",'Ber. Planning Ed'!AG6) | K41: =IF('Ber. Planning Ed'!AH6="","",'Ber. Planning Ed'!AH6) | N41: =IF('Ber. Planning Ed'!AJ6="","",'Ber. Planning Ed'!AJ6) | O41: =IF('Ber. Planning Ed'!AI6="","",'Ber. Planning Ed'!AI6) | T41: =IF('Ber. Planning Ed'!AF21="","",'Ber. Planning Ed'!AF21) | V41: =IF('Ber. Planning Ed'!AG21="","",'Ber. Planning Ed'!AG21) | AB41: =IF('Ber. Planning Ed'!AH21="","",'Ber. Planning Ed'!AH21) | AF41: =IF('Ber. Planning Ed'!AJ21="","",'Ber. Planning Ed'!AJ21) | AH41: =IF('Ber. Planning Ed'!AI21="","",'Ber. Planning Ed'!AI21) | AM41: =IF('Ber. Planning Ed'!AF36="","",'Ber. Planning Ed'!AF36) | AO41: =IF('Ber. Planning Ed'!AG36="","",'Ber. Planning Ed'!AG36) | AV41: =IF('Ber. Planning Ed'!AH36="","",'Ber. Planning Ed'!AH36) | AY41: =IF('Ber. Planning Ed'!AJ36="","",'Ber. Planning Ed'!AJ36) | AZ41: =IF('Ber. Planning Ed'!AI36="","",'Ber. Planning Ed'!AI36)
D42: =IF('Ber. Planning Ed'!AF7="","",'Ber. Planning Ed'!AF7) | F42: =IF('Ber. Planning Ed'!AG7="","",'Ber. Planning Ed'!AG7) | K42: =IF('Ber. Planning Ed'!AH7="","",'Ber. Planning Ed'!AH7) | N42: =IF('Ber. Planning Ed'!AJ7="","",'Ber. Planning Ed'!AJ7) | O42: =IF('Ber. Planning Ed'!AI7="","",'Ber. Planning Ed'!AI7) | T42: =IF('Ber. Planning Ed'!AF22="","",'Ber. Planning Ed'!AF22) | V42: =IF('Ber. Planning Ed'!AG22="","",'Ber. Planning Ed'!AG22) | AB42: =IF('Ber. Planning Ed'!AH22="","",'Ber. Planning Ed'!AH22) | AF42: =IF('Ber. Planning Ed'!AJ22="","",'Ber. Planning Ed'!AJ22) | AH42: =IF('Ber. Planning Ed'!AI22="","",'Ber. Planning Ed'!AI22) | AM42: =IF('Ber. Planning Ed'!AF37="","",'Ber. Planning Ed'!AF37) | AO42: =IF('Ber. Planning Ed'!AG37="","",'Ber. Planning Ed'!AG37) | AV42: =IF('Ber. Planning Ed'!AH37="","",'Ber. Planning Ed'!AH37) | AY42: =IF('Ber. Planning Ed'!AJ37="","",'Ber. Planning Ed'!AJ37) | AZ42: =IF('Ber. Planning Ed'!AI37="","",'Ber. Planning Ed'!AI37)
D43: =IF('Ber. Planning Ed'!AF8="","",'Ber. Planning Ed'!AF8) | F43: =IF('Ber. Planning Ed'!AG8="","",'Ber. Planning Ed'!AG8) | K43: =IF('Ber. Planning Ed'!AH8="","",'Ber. Planning Ed'!AH8) | N43: =IF('Ber. Planning Ed'!AJ8="","",'Ber. Planning Ed'!AJ8) | O43: =IF('Ber. Planning Ed'!AI8="","",'Ber. Planning Ed'!AI8) | T43: =IF('Ber. Planning Ed'!AF23="","",'Ber. Planning Ed'!AF23) | V43: =IF('Ber. Planning Ed'!AG23="","",'Ber. Planning Ed'!AG23) | AB43: =IF('Ber. Planning Ed'!AH23="","",'Ber. Planning Ed'!AH23) | AF43: =IF('Ber. Planning Ed'!AJ23="","",'Ber. Planning Ed'!AJ23) | AH43: =IF('Ber. Planning Ed'!AI23="","",'Ber. Planning Ed'!AI23) | AM43: =IF('Ber. Planning Ed'!AF38="","",'Ber. Planning Ed'!AF38) | AO43: =IF('Ber. Planning Ed'!AG38="","",'Ber. Planning Ed'!AG38) | AV43: =IF('Ber. Planning Ed'!AH38="","",'Ber. Planning Ed'!AH38) | AY43: =IF('Ber. Planning Ed'!AJ38="","",'Ber. Planning Ed'!AJ38) | AZ43: =IF('Ber. Planning Ed'!AI38="","",'Ber. Planning Ed'!AI38)
C44: Tomasz F | D44: =IF('Ber. Planning Tomasz F'!AF4="","",'Ber. Planning Tomasz F'!AF4) | F44: =IF('Ber. Planning Tomasz F'!AG4="","",'Ber. Planning Tomasz F'!AG4) | K44: =IF('Ber. Planning Tomasz F'!AH4="","",'Ber. Planning Tomasz F'!AH4) | N44: =IF('Ber. Planning Tomasz F'!AJ4="","",'Ber. Planning Tomasz F'!AJ4) | O44: =IF('Ber. Planning Tomasz F'!AI4="","",'Ber. Planning Tomasz F'!AI4) | Q44: =SUM(O44:P48) -> 0 | R44: =IF(Q44<>'Ber. Planning Tomasz F'!AI15,"!","") | S44: Tomasz | T44: =IF('Ber. Planning Tomasz F'!AF19="","",'Ber. Planning Tomasz F'!AF19) | V44: =IF('Ber. Planning Tomasz F'!AG19="","",'Ber. Planning Tomasz F'!AG19) | AB44: =IF('Ber. Planning Tomasz F'!AH19="","",'Ber. Planning Tomasz F'!AH19) | AF44: =IF('Ber. Planning Tomasz F'!AJ19="","",'Ber. Planning Tomasz F'!AJ19) | AH44: =IF('Ber. Planning Tomasz F'!AI19="","",'Ber. Planning Tomasz F'!AI19) | AI44: =SUM(AH44:AH48) -> 0 | AK44: =IF(AI44<>'Ber. Planning Tomasz F'!AI30,"!","") | AL44: Tomasz | AM44: =IF('Ber. Planning Tomasz F'!AF34="","",'Ber. Planning Tomasz F'!AF34) | AO44: =IF('Ber. Planning Tomasz F'!AG34="","",'Ber. Planning Tomasz F'!AG34) | AV44: =IF('Ber. Planning Tomasz F'!AH34="","",'Ber. Planning Tomasz F'!AH34) | AY44: =IF('Ber. Planning Tomasz F'!AJ34="","",'Ber. Planning Tomasz F'!AJ34) | AZ44: =IF('Ber. Planning Tomasz F'!AI34="","",'Ber. Planning Tomasz F'!AI34) | BA44: =SUM(AZ44:AZ48) -> 0 | BC44: =IF(BA44<>'Ber. Planning Tomasz F'!AI45,"!","")
D45: =IF('Ber. Planning Tomasz F'!AF5="","",'Ber. Planning Tomasz F'!AF5) | F45: =IF('Ber. Planning Tomasz F'!AG5="","",'Ber. Planning Tomasz F'!AG5) | K45: =IF('Ber. Planning Tomasz F'!AH5="","",'Ber. Planning Tomasz F'!AH5) | N45: =IF('Ber. Planning Tomasz F'!AJ5="","",'Ber. Planning Tomasz F'!AJ5) | O45: =IF('Ber. Planning Tomasz F'!AI5="","",'Ber. Planning Tomasz F'!AI5) | T45: =IF('Ber. Planning Tomasz F'!AF20="","",'Ber. Planning Tomasz F'!AF20) | V45: =IF('Ber. Planning Tomasz F'!AG20="","",'Ber. Planning Tomasz F'!AG20) | AB45: =IF('Ber. Planning Tomasz F'!AH20="","",'Ber. Planning Tomasz F'!AH20) | AF45: =IF('Ber. Planning Tomasz F'!AJ20="","",'Ber. Planning Tomasz F'!AJ20) | AH45: =IF('Ber. Planning Tomasz F'!AI20="","",'Ber. Planning Tomasz F'!AI20) | AM45: =IF('Ber. Planning Tomasz F'!AF35="","",'Ber. Planning Tomasz F'!AF35) | AO45: =IF('Ber. Planning Tomasz F'!AG35="","",'Ber. Planning Tomasz F'!AG35) | AV45: =IF('Ber. Planning Tomasz F'!AH35="","",'Ber. Planning Tomasz F'!AH35) | AY45: =IF('Ber. Planning Tomasz F'!AJ35="","",'Ber. Planning Tomasz F'!AJ35) | AZ45: =IF('Ber. Planning Tomasz F'!AI35="","",'Ber. Planning Tomasz F'!AI35)
D46: =IF('Ber. Planning Tomasz F'!AF6="","",'Ber. Planning Tomasz F'!AF6) | F46: =IF('Ber. Planning Tomasz F'!AG6="","",'Ber. Planning Tomasz F'!AG6) | K46: =IF('Ber. Planning Tomasz F'!AH6="","",'Ber. Planning Tomasz F'!AH6) | N46: =IF('Ber. Planning Tomasz F'!AJ6="","",'Ber. Planning Tomasz F'!AJ6) | O46: =IF('Ber. Planning Tomasz F'!AI6="","",'Ber. Planning Tomasz F'!AI6) | T46: =IF('Ber. Planning Tomasz F'!AF21="","",'Ber. Planning Tomasz F'!AF21) | V46: =IF('Ber. Planning Tomasz F'!AG21="","",'Ber. Planning Tomasz F'!AG21) | AB46: =IF('Ber. Planning Tomasz F'!AH21="","",'Ber. Planning Tomasz F'!AH21) | AF46: =IF('Ber. Planning Tomasz F'!AJ21="","",'Ber. Planning Tomasz F'!AJ21) | AH46: =IF('Ber. Planning Tomasz F'!AI21="","",'Ber. Planning Tomasz F'!AI21) | AM46: =IF('Ber. Planning Tomasz F'!AF36="","",'Ber. Planning Tomasz F'!AF36) | AO46: =IF('Ber. Planning Tomasz F'!AG36="","",'Ber. Planning Tomasz F'!AG36) | AV46: =IF('Ber. Planning Tomasz F'!AH36="","",'Ber. Planning Tomasz F'!AH36) | AY46: =IF('Ber. Planning Tomasz F'!AJ36="","",'Ber. Planning Tomasz F'!AJ36) | AZ46: =IF('Ber. Planning Tomasz F'!AI36="","",'Ber. Planning Tomasz F'!AI36)
D47: =IF('Ber. Planning Tomasz F'!AF7="","",'Ber. Planning Tomasz F'!AF7) | F47: =IF('Ber. Planning Tomasz F'!AG7="","",'Ber. Planning Tomasz F'!AG7) | K47: =IF('Ber. Planning Tomasz F'!AH7="","",'Ber. Planning Tomasz F'!AH7) | N47: =IF('Ber. Planning Tomasz F'!AJ7="","",'Ber. Planning Tomasz F'!AJ7) | O47: =IF('Ber. Planning Tomasz F'!AI7="","",'Ber. Planning Tomasz F'!AI7) | T47: =IF('Ber. Planning Tomasz F'!AF22="","",'Ber. Planning Tomasz F'!AF22) | V47: =IF('Ber. Planning Tomasz F'!AG22="","",'Ber. Planning Tomasz F'!AG22) | AB47: =IF('Ber. Planning Tomasz F'!AH22="","",'Ber. Planning Tomasz F'!AH22) | AF47: =IF('Ber. Planning Tomasz F'!AJ22="","",'Ber. Planning Tomasz F'!AJ22) | AH47: =IF('Ber. Planning Tomasz F'!AI22="","",'Ber. Planning Tomasz F'!AI22) | AM47: =IF('Ber. Planning Tomasz F'!AF37="","",'Ber. Planning Tomasz F'!AF37) | AO47: =IF('Ber. Planning Tomasz F'!AG37="","",'Ber. Planning Tomasz F'!AG37) | AV47: =IF('Ber. Planning Tomasz F'!AH37="","",'Ber. Planning Tomasz F'!AH37) | AY47: =IF('Ber. Planning Tomasz F'!AJ37="","",'Ber. Planning Tomasz F'!AJ37) | AZ47: =IF('Ber. Planning Tomasz F'!AI37="","",'Ber. Planning Tomasz F'!AI37)
D48: =IF('Ber. Planning Tomasz F'!AF8="","",'Ber. Planning Tomasz F'!AF8) | F48: =IF('Ber. Planning Tomasz F'!AG8="","",'Ber. Planning Tomasz F'!AG8) | K48: =IF('Ber. Planning Tomasz F'!AH8="","",'Ber. Planning Tomasz F'!AH8) | N48: =IF('Ber. Planning Tomasz F'!AJ8="","",'Ber. Planning Tomasz F'!AJ8) | O48: =IF('Ber. Planning Tomasz F'!AI8="","",'Ber. Planning Tomasz F'!AI8) | T48: =IF('Ber. Planning Tomasz F'!AF23="","",'Ber. Planning Tomasz F'!AF23) | V48: =IF('Ber. Planning Tomasz F'!AG23="","",'Ber. Planning Tomasz F'!AG23) | AB48: =IF('Ber. Planning Tomasz F'!AH23="","",'Ber. Planning Tomasz F'!AH23) | AF48: =IF('Ber. Planning Tomasz F'!AJ23="","",'Ber. Planning Tomasz F'!AJ23) | AH48: =IF('Ber. Planning Tomasz F'!AI23="","",'Ber. Planning Tomasz F'!AI23) | AM48: =IF('Ber. Planning Tomasz F'!AF38="","",'Ber. Planning Tomasz F'!AF38) | AO48: =IF('Ber. Planning Tomasz F'!AG38="","",'Ber. Planning Tomasz F'!AG38) | AV48: =IF('Ber. Planning Tomasz F'!AH38="","",'Ber. Planning Tomasz F'!AH38) | AY48: =IF('Ber. Planning Tomasz F'!AJ38="","",'Ber. Planning Tomasz F'!AJ38) | AZ48: =IF('Ber. Planning Tomasz F'!AI38="","",'Ber. Planning Tomasz F'!AI38)
C49: Mark | D49: =IF('Ber. Planning Mark'!AF4="","",'Ber. Planning Mark'!AF4) | F49: =IF('Ber. Planning Mark'!AG4="","",'Ber. Planning Mark'!AG4) | K49: =IF('Ber. Planning Mark'!AH4="","",'Ber. Planning Mark'!AH4) | N49: =IF('Ber. Planning Mark'!AJ4="","",'Ber. Planning Mark'!AJ4) | O49: =IF('Ber. Planning Mark'!AI4="","",'Ber. Planning Mark'!AI4) | Q49: =SUM(O49:P53) -> 0 | R49: =IF(Q49<>'Ber. Planning Mark'!AI15,"!","") | S49: Mark | T49: =IF('Ber. Planning Mark'!AF19="","",'Ber. Planning Mark'!AF19) | V49: =IF('Ber. Planning Mark'!AG19="","",'Ber. Planning Mark'!AG19) | AB49: =IF('Ber. Planning Mark'!AH19="","",'Ber. Planning Mark'!AH19) | AF49: =IF('Ber. Planning Mark'!AJ19="","",'Ber. Planning Mark'!AJ19) | AH49: =IF('Ber. Planning Mark'!AI19="","",'Ber. Planning Mark'!AI19) | AI49: =SUM(AH49:AH53) -> 0 | AK49: =IF(AI49<>'Ber. Planning Mark'!AI30,"!","") | AL49: Mark | AM49: =IF('Ber. Planning Mark'!AF34="","",'Ber. Planning Mark'!AF34) | AO49: =IF('Ber. Planning Mark'!AG34="","",'Ber. Planning Mark'!AG34) | AV49: =IF('Ber. Planning Mark'!AH34="","",'Ber. Planning Mark'!AH34) | AY49: =IF('Ber. Planning Mark'!AJ34="","",'Ber. Planning Mark'!AJ34) | AZ49: =IF('Ber. Planning Mark'!AI34="","",'Ber. Planning Mark'!AI34) | BA49: =SUM(AZ49:AZ53) -> 0 | BC49: =IF(BA49<>'Ber. Planning Mark'!AI45,"!","")
D50: =IF('Ber. Planning Mark'!AF5="","",'Ber. Planning Mark'!AF5) | F50: =IF('Ber. Planning Mark'!AG5="","",'Ber. Planning Mark'!AG5) | K50: =IF('Ber. Planning Mark'!AH5="","",'Ber. Planning Mark'!AH5) | N50: =IF('Ber. Planning Mark'!AJ5="","",'Ber. Planning Mark'!AJ5) | O50: =IF('Ber. Planning Mark'!AI5="","",'Ber. Planning Mark'!AI5) | T50: =IF('Ber. Planning Mark'!AF20="","",'Ber. Planning Mark'!AF20) | V50: =IF('Ber. Planning Mark'!AG20="","",'Ber. Planning Mark'!AG20) | AB50: =IF('Ber. Planning Mark'!AH20="","",'Ber. Planning Mark'!AH20) | AF50: =IF('Ber. Planning Mark'!AJ20="","",'Ber. Planning Mark'!AJ20) | AH50: =IF('Ber. Planning Mark'!AI20="","",'Ber. Planning Mark'!AI20) | AM50: =IF('Ber. Planning Mark'!AF35="","",'Ber. Planning Mark'!AF35) | AO50: =IF('Ber. Planning Mark'!AG35="","",'Ber. Planning Mark'!AG35) | AV50: =IF('Ber. Planning Mark'!AH35="","",'Ber. Planning Mark'!AH35) | AY50: =IF('Ber. Planning Mark'!AJ35="","",'Ber. Planning Mark'!AJ35) | AZ50: =IF('Ber. Planning Mark'!AI35="","",'Ber. Planning Mark'!AI35)
D51: =IF('Ber. Planning Mark'!AF6="","",'Ber. Planning Mark'!AF6) | F51: =IF('Ber. Planning Mark'!AG6="","",'Ber. Planning Mark'!AG6) | K51: =IF('Ber. Planning Mark'!AH6="","",'Ber. Planning Mark'!AH6) | N51: =IF('Ber. Planning Mark'!AJ6="","",'Ber. Planning Mark'!AJ6) | O51: =IF('Ber. Planning Mark'!AI6="","",'Ber. Planning Mark'!AI6) | T51: =IF('Ber. Planning Mark'!AF21="","",'Ber. Planning Mark'!AF21) | V51: =IF('Ber. Planning Mark'!AG21="","",'Ber. Planning Mark'!AG21) | AB51: =IF('Ber. Planning Mark'!AH21="","",'Ber. Planning Mark'!AH21) | AF51: =IF('Ber. Planning Mark'!AJ21="","",'Ber. Planning Mark'!AJ21) | AH51: =IF('Ber. Planning Mark'!AI21="","",'Ber. Planning Mark'!AI21) | AM51: =IF('Ber. Planning Mark'!AF36="","",'Ber. Planning Mark'!AF36) | AO51: =IF('Ber. Planning Mark'!AG36="","",'Ber. Planning Mark'!AG36) | AV51: =IF('Ber. Planning Mark'!AH36="","",'Ber. Planning Mark'!AH36) | AY51: =IF('Ber. Planning Mark'!AJ36="","",'Ber. Planning Mark'!AJ36) | AZ51: =IF('Ber. Planning Mark'!AI36="","",'Ber. Planning Mark'!AI36)
D52: =IF('Ber. Planning Mark'!AF7="","",'Ber. Planning Mark'!AF7) | F52: =IF('Ber. Planning Mark'!AG7="","",'Ber. Planning Mark'!AG7) | K52: =IF('Ber. Planning Mark'!AH7="","",'Ber. Planning Mark'!AH7) | N52: =IF('Ber. Planning Mark'!AJ7="","",'Ber. Planning Mark'!AJ7) | O52: =IF('Ber. Planning Mark'!AI7="","",'Ber. Planning Mark'!AI7) | T52: =IF('Ber. Planning Mark'!AF22="","",'Ber. Planning Mark'!AF22) | V52: =IF('Ber. Planning Mark'!AG22="","",'Ber. Planning Mark'!AG22) | AB52: =IF('Ber. Planning Mark'!AH22="","",'Ber. Planning Mark'!AH22) | AF52: =IF('Ber. Planning Mark'!AJ22="","",'Ber. Planning Mark'!AJ22) | AH52: =IF('Ber. Planning Mark'!AI22="","",'Ber. Planning Mark'!AI22) | AM52: =IF('Ber. Planning Mark'!AF37="","",'Ber. Planning Mark'!AF37) | AO52: =IF('Ber. Planning Mark'!AG37="","",'Ber. Planning Mark'!AG37) | AV52: =IF('Ber. Planning Mark'!AH37="","",'Ber. Planning Mark'!AH37) | AY52: =IF('Ber. Planning Mark'!AJ37="","",'Ber. Planning Mark'!AJ37) | AZ52: =IF('Ber. Planning Mark'!AI37="","",'Ber. Planning Mark'!AI37)
D53: =IF('Ber. Planning Mark'!AF8="","",'Ber. Planning Mark'!AF8) | F53: =IF('Ber. Planning Mark'!AG8="","",'Ber. Planning Mark'!AG8) | K53: =IF('Ber. Planning Mark'!AH8="","",'Ber. Planning Mark'!AH8) | N53: =IF('Ber. Planning Mark'!AJ8="","",'Ber. Planning Mark'!AJ8) | O53: =IF('Ber. Planning Mark'!AI8="","",'Ber. Planning Mark'!AI8) | T53: =IF('Ber. Planning Mark'!AF23="","",'Ber. Planning Mark'!AF23) | V53: =IF('Ber. Planning Mark'!AG23="","",'Ber. Planning Mark'!AG23) | AB53: =IF('Ber. Planning Mark'!AH23="","",'Ber. Planning Mark'!AH23) | AF53: =IF('Ber. Planning Mark'!AJ23="","",'Ber. Planning Mark'!AJ23) | AH53: =IF('Ber. Planning Mark'!AI23="","",'Ber. Planning Mark'!AI23) | AM53: =IF('Ber. Planning Mark'!AF38="","",'Ber. Planning Mark'!AF38) | AO53: =IF('Ber. Planning Mark'!AG38="","",'Ber. Planning Mark'!AG38) | AV53: =IF('Ber. Planning Mark'!AH38="","",'Ber. Planning Mark'!AH38) | AY53: =IF('Ber. Planning Mark'!AJ38="","",'Ber. Planning Mark'!AJ38) | AZ53: =IF('Ber. Planning Mark'!AI38="","",'Ber. Planning Mark'!AI38)
C54: Zoltan | D54: =IF('Ber. Planning Zoltan'!AF4="","",'Ber. Planning Zoltan'!AF4) | F54: =IF('Ber. Planning Zoltan'!AG4="","",'Ber. Planning Zoltan'!AG4) | K54: =IF('Ber. Planning Zoltan'!AH4="","",'Ber. Planning Zoltan'!AH4) | N54: =IF('Ber. Planning Zoltan'!AJ4="","",'Ber. Planning Zoltan'!AJ4) | O54: =IF('Ber. Planning Zoltan'!AI4="","",'Ber. Planning Zoltan'!AI4) | Q54: =SUM(O54:P58) -> 0 | R54: =IF(Q54<>'Ber. Planning Zoltan'!AI15,"!","") | S54: Zoltan | T54: =IF('Ber. Planning Zoltan'!AF19="","",'Ber. Planning Zoltan'!AF19) | V54: =IF('Ber. Planning Zoltan'!AG19="","",'Ber. Planning Zoltan'!AG19) | AB54: =IF('Ber. Planning Zoltan'!AH19="","",'Ber. Planning Zoltan'!AH19) | AF54: =IF('Ber. Planning Zoltan'!AJ19="","",'Ber. Planning Zoltan'!AJ19) | AH54: =IF('Ber. Planning Zoltan'!AI19="","",'Ber. Planning Zoltan'!AI19) | AI54: =SUM(AH54:AH58) -> 0 | AK54: =IF(AI54<>'Ber. Planning Zoltan'!AI30,"!","") | AL54: Zoltan | AM54: =IF('Ber. Planning Zoltan'!AF34="","",'Ber. Planning Zoltan'!AF34) | AO54: =IF('Ber. Planning Zoltan'!AG34="","",'Ber. Planning Zoltan'!AG34) | AV54: =IF('Ber. Planning Zoltan'!AH34="","",'Ber. Planning Zoltan'!AH34) | AY54: =IF('Ber. Planning Zoltan'!AJ34="","",'Ber. Planning Zoltan'!AJ34) | AZ54: =IF('Ber. Planning Zoltan'!AI34="","",'Ber. Planning Zoltan'!AI34) | BA54: =SUM(AZ54:AZ58) -> 0 | BC54: =IF(BA54<>'Ber. Planning Zoltan'!AI45,"!","")
D55: =IF('Ber. Planning Zoltan'!AF5="","",'Ber. Planning Zoltan'!AF5) | F55: =IF('Ber. Planning Zoltan'!AG5="","",'Ber. Planning Zoltan'!AG5) | K55: =IF('Ber. Planning Zoltan'!AH5="","",'Ber. Planning Zoltan'!AH5) | N55: =IF('Ber. Planning Zoltan'!AJ5="","",'Ber. Planning Zoltan'!AJ5) | O55: =IF('Ber. Planning Zoltan'!AI5="","",'Ber. Planning Zoltan'!AI5) | T55: =IF('Ber. Planning Zoltan'!AF20="","",'Ber. Planning Zoltan'!AF20) | V55: =IF('Ber. Planning Zoltan'!AG20="","",'Ber. Planning Zoltan'!AG20) | AB55: =IF('Ber. Planning Zoltan'!AH20="","",'Ber. Planning Zoltan'!AH20) | AF55: =IF('Ber. Planning Zoltan'!AJ20="","",'Ber. Planning Zoltan'!AJ20) | AH55: =IF('Ber. Planning Zoltan'!AI20="","",'Ber. Planning Zoltan'!AI20) | AM55: =IF('Ber. Planning Zoltan'!AF35="","",'Ber. Planning Zoltan'!AF35) | AO55: =IF('Ber. Planning Zoltan'!AG35="","",'Ber. Planning Zoltan'!AG35) | AV55: =IF('Ber. Planning Zoltan'!AH35="","",'Ber. Planning Zoltan'!AH35) | AY55: =IF('Ber. Planning Zoltan'!AJ35="","",'Ber. Planning Zoltan'!AJ35) | AZ55: =IF('Ber. Planning Zoltan'!AI35="","",'Ber. Planning Zoltan'!AI35)
D56: =IF('Ber. Planning Zoltan'!AF6="","",'Ber. Planning Zoltan'!AF6) | F56: =IF('Ber. Planning Zoltan'!AG6="","",'Ber. Planning Zoltan'!AG6) | K56: =IF('Ber. Planning Zoltan'!AH6="","",'Ber. Planning Zoltan'!AH6) | N56: =IF('Ber. Planning Zoltan'!AJ6="","",'Ber. Planning Zoltan'!AJ6) | O56: =IF('Ber. Planning Zoltan'!AI6="","",'Ber. Planning Zoltan'!AI6) | T56: =IF('Ber. Planning Zoltan'!AF21="","",'Ber. Planning Zoltan'!AF21) | V56: =IF('Ber. Planning Zoltan'!AG21="","",'Ber. Planning Zoltan'!AG21) | AB56: =IF('Ber. Planning Zoltan'!AH21="","",'Ber. Planning Zoltan'!AH21) | AF56: =IF('Ber. Planning Zoltan'!AJ21="","",'Ber. Planning Zoltan'!AJ21) | AH56: =IF('Ber. Planning Zoltan'!AI21="","",'Ber. Planning Zoltan'!AI21) | AM56: =IF('Ber. Planning Zoltan'!AF36="","",'Ber. Planning Zoltan'!AF36) | AO56: =IF('Ber. Planning Zoltan'!AG36="","",'Ber. Planning Zoltan'!AG36) | AV56: =IF('Ber. Planning Zoltan'!AH36="","",'Ber. Planning Zoltan'!AH36) | AY56: =IF('Ber. Planning Zoltan'!AJ36="","",'Ber. Planning Zoltan'!AJ36) | AZ56: =IF('Ber. Planning Zoltan'!AI36="","",'Ber. Planning Zoltan'!AI36)
D57: =IF('Ber. Planning Zoltan'!AF7="","",'Ber. Planning Zoltan'!AF7) | F57: =IF('Ber. Planning Zoltan'!AG7="","",'Ber. Planning Zoltan'!AG7) | K57: =IF('Ber. Planning Zoltan'!AH7="","",'Ber. Planning Zoltan'!AH7) | N57: =IF('Ber. Planning Zoltan'!AJ7="","",'Ber. Planning Zoltan'!AJ7) | O57: =IF('Ber. Planning Zoltan'!AI7="","",'Ber. Planning Zoltan'!AI7) | T57: =IF('Ber. Planning Zoltan'!AF22="","",'Ber. Planning Zoltan'!AF22) | V57: =IF('Ber. Planning Zoltan'!AG22="","",'Ber. Planning Zoltan'!AG22) | AB57: =IF('Ber. Planning Zoltan'!AH22="","",'Ber. Planning Zoltan'!AH22) | AF57: =IF('Ber. Planning Zoltan'!AJ22="","",'Ber. Planning Zoltan'!AJ22) | AH57: =IF('Ber. Planning Zoltan'!AI22="","",'Ber. Planning Zoltan'!AI22) | AM57: =IF('Ber. Planning Zoltan'!AF37="","",'Ber. Planning Zoltan'!AF37) | AO57: =IF('Ber. Planning Zoltan'!AG37="","",'Ber. Planning Zoltan'!AG37) | AV57: =IF('Ber. Planning Zoltan'!AH37="","",'Ber. Planning Zoltan'!AH37) | AY57: =IF('Ber. Planning Zoltan'!AJ37="","",'Ber. Planning Zoltan'!AJ37) | AZ57: =IF('Ber. Planning Zoltan'!AI37="","",'Ber. Planning Zoltan'!AI37)
D58: =IF('Ber. Planning Zoltan'!AF8="","",'Ber. Planning Zoltan'!AF8) | F58: =IF('Ber. Planning Zoltan'!AG8="","",'Ber. Planning Zoltan'!AG8) | K58: =IF('Ber. Planning Zoltan'!AH8="","",'Ber. Planning Zoltan'!AH8) | N58: =IF('Ber. Planning Zoltan'!AJ8="","",'Ber. Planning Zoltan'!AJ8) | O58: =IF('Ber. Planning Zoltan'!AI8="","",'Ber. Planning Zoltan'!AI8) | T58: =IF('Ber. Planning Zoltan'!AF23="","",'Ber. Planning Zoltan'!AF23) | V58: =IF('Ber. Planning Zoltan'!AG23="","",'Ber. Planning Zoltan'!AG23) | AB58: =IF('Ber. Planning Zoltan'!AH23="","",'Ber. Planning Zoltan'!AH23) | AF58: =IF('Ber. Planning Zoltan'!AJ23="","",'Ber. Planning Zoltan'!AJ23) | AH58: =IF('Ber. Planning Zoltan'!AI23="","",'Ber. Planning Zoltan'!AI23) | AM58: =IF('Ber. Planning Zoltan'!AF38="","",'Ber. Planning Zoltan'!AF38) | AO58: =IF('Ber. Planning Zoltan'!AG38="","",'Ber. Planning Zoltan'!AG38) | AV58: =IF('Ber. Planning Zoltan'!AH38="","",'Ber. Planning Zoltan'!AH38) | AY58: =IF('Ber. Planning Zoltan'!AJ38="","",'Ber. Planning Zoltan'!AJ38) | AZ58: =IF('Ber. Planning Zoltan'!AI38="","",'Ber. Planning Zoltan'!AI38)
C59: Voorbewerk. | D59: =IF('Ber. Planning Voorbewerk.'!AF4="","",'Ber. Planning Voorbewerk.'!AF4) | F59: =IF('Ber. Planning Voorbewerk.'!AG4="","",'Ber. Planning Voorbewerk.'!AG4) | K59: =IF('Ber. Planning Voorbewerk.'!AH4="","",'Ber. Planning Voorbewerk.'!AH4) | N59: =IF('Ber. Planning Voorbewerk.'!AJ4="","",'Ber. Planning Voorbewerk.'!AJ4) | O59: =IF('Ber. Planning Voorbewerk.'!AI4="","",'Ber. Planning Voorbewerk.'!AI4) | Q59: =SUM(O59:P63) -> 0 | R59: =IF(Q59<>'Ber. Planning Voorbewerk.'!AI15,"!","") | S59: Voorbewerk. | T59: =IF('Ber. Planning Voorbewerk.'!AF19="","",'Ber. Planning Voorbewerk.'!AF19) | V59: =IF('Ber. Planning Voorbewerk.'!AG19="","",'Ber. Planning Voorbewerk.'!AG19) | AB59: =IF('Ber. Planning Voorbewerk.'!AH19="","",'Ber. Planning Voorbewerk.'!AH19) | AF59: =IF('Ber. Planning Voorbewerk.'!AJ19="","",'Ber. Planning Voorbewerk.'!AJ19) | AH59: =IF('Ber. Planning Voorbewerk.'!AI19="","",'Ber. Planning Voorbewerk.'!AI19) | AI59: =SUM(AH59:AH63) -> 0 | AK59: =IF(AI59<>'Ber. Planning Voorbewerk.'!AI30,"!","") | AL59: Voorbewerk. | AM59: =IF('Ber. Planning Voorbewerk.'!AF34="","",'Ber. Planning Voorbewerk.'!AF34) | AO59: =IF('Ber. Planning Voorbewerk.'!AG34="","",'Ber. Planning Voorbewerk.'!AG34) | AV59: =IF('Ber. Planning Voorbewerk.'!AH34="","",'Ber. Planning Voorbewerk.'!AH34) | AY59: =IF('Ber. Planning Voorbewerk.'!AJ34="","",'Ber. Planning Voorbewerk.'!AJ34) | AZ59: =IF('Ber. Planning Voorbewerk.'!AI34="","",'Ber. Planning Voorbewerk.'!AI34) | BA59: =SUM(AZ59:AZ63) -> 0 | BC59: =IF(BA59<>'Ber. Planning Voorbewerk.'!AI45,"!","")
D60: =IF('Ber. Planning Voorbewerk.'!AF5="","",'Ber. Planning Voorbewerk.'!AF5) | F60: =IF('Ber. Planning Voorbewerk.'!AG5="","",'Ber. Planning Voorbewerk.'!AG5) | K60: =IF('Ber. Planning Voorbewerk.'!AH5="","",'Ber. Planning Voorbewerk.'!AH5) | N60: =IF('Ber. Planning Voorbewerk.'!AJ5="","",'Ber. Planning Voorbewerk.'!AJ5) | O60: =IF('Ber. Planning Voorbewerk.'!AI5="","",'Ber. Planning Voorbewerk.'!AI5) | T60: =IF('Ber. Planning Voorbewerk.'!AF20="","",'Ber. Planning Voorbewerk.'!AF20) | V60: =IF('Ber. Planning Voorbewerk.'!AG20="","",'Ber. Planning Voorbewerk.'!AG20) | AB60: =IF('Ber. Planning Voorbewerk.'!AH20="","",'Ber. Planning Voorbewerk.'!AH20) | AF60: =IF('Ber. Planning Voorbewerk.'!AJ20="","",'Ber. Planning Voorbewerk.'!AJ20) | AH60: =IF('Ber. Planning Voorbewerk.'!AI20="","",'Ber. Planning Voorbewerk.'!AI20) | AM60: =IF('Ber. Planning Voorbewerk.'!AF35="","",'Ber. Planning Voorbewerk.'!AF35) | AO60: =IF('Ber. Planning Voorbewerk.'!AG35="","",'Ber. Planning Voorbewerk.'!AG35) | AV60: =IF('Ber. Planning Voorbewerk.'!AH35="","",'Ber. Planning Voorbewerk.'!AH35) | AY60: =IF('Ber. Planning Voorbewerk.'!AJ35="","",'Ber. Planning Voorbewerk.'!AJ35) | AZ60: =IF('Ber. Planning Voorbewerk.'!AI35="","",'Ber. Planning Voorbewerk.'!AI35)
D61: =IF('Ber. Planning Voorbewerk.'!AF6="","",'Ber. Planning Voorbewerk.'!AF6) | F61: =IF('Ber. Planning Voorbewerk.'!AG6="","",'Ber. Planning Voorbewerk.'!AG6) | K61: =IF('Ber. Planning Voorbewerk.'!AH6="","",'Ber. Planning Voorbewerk.'!AH6) | N61: =IF('Ber. Planning Voorbewerk.'!AJ6="","",'Ber. Planning Voorbewerk.'!AJ6) | O61: =IF('Ber. Planning Voorbewerk.'!AI6="","",'Ber. Planning Voorbewerk.'!AI6) | T61: =IF('Ber. Planning Voorbewerk.'!AF21="","",'Ber. Planning Voorbewerk.'!AF21) | V61: =IF('Ber. Planning Voorbewerk.'!AG21="","",'Ber. Planning Voorbewerk.'!AG21) | AB61: =IF('Ber. Planning Voorbewerk.'!AH21="","",'Ber. Planning Voorbewerk.'!AH21) | AF61: =IF('Ber. Planning Voorbewerk.'!AJ21="","",'Ber. Planning Voorbewerk.'!AJ21) | AH61: =IF('Ber. Planning Voorbewerk.'!AI21="","",'Ber. Planning Voorbewerk.'!AI21) | AM61: =IF('Ber. Planning Voorbewerk.'!AF36="","",'Ber. Planning Voorbewerk.'!AF36) | AO61: =IF('Ber. Planning Voorbewerk.'!AG36="","",'Ber. Planning Voorbewerk.'!AG36) | AV61: =IF('Ber. Planning Voorbewerk.'!AH36="","",'Ber. Planning Voorbewerk.'!AH36) | AY61: =IF('Ber. Planning Voorbewerk.'!AJ36="","",'Ber. Planning Voorbewerk.'!AJ36) | AZ61: =IF('Ber. Planning Voorbewerk.'!AI36="","",'Ber. Planning Voorbewerk.'!AI36)
D62: =IF('Ber. Planning Voorbewerk.'!AF7="","",'Ber. Planning Voorbewerk.'!AF7) | F62: =IF('Ber. Planning Voorbewerk.'!AG7="","",'Ber. Planning Voorbewerk.'!AG7) | K62: =IF('Ber. Planning Voorbewerk.'!AH7="","",'Ber. Planning Voorbewerk.'!AH7) | N62: =IF('Ber. Planning Voorbewerk.'!AJ7="","",'Ber. Planning Voorbewerk.'!AJ7) | O62: =IF('Ber. Planning Voorbewerk.'!AI7="","",'Ber. Planning Voorbewerk.'!AI7) | T62: =IF('Ber. Planning Voorbewerk.'!AF22="","",'Ber. Planning Voorbewerk.'!AF22) | V62: =IF('Ber. Planning Voorbewerk.'!AG22="","",'Ber. Planning Voorbewerk.'!AG22) | AB62: =IF('Ber. Planning Voorbewerk.'!AH22="","",'Ber. Planning Voorbewerk.'!AH22) | AF62: =IF('Ber. Planning Voorbewerk.'!AJ22="","",'Ber. Planning Voorbewerk.'!AJ22) | AH62: =IF('Ber. Planning Voorbewerk.'!AI22="","",'Ber. Planning Voorbewerk.'!AI22) | AM62: =IF('Ber. Planning Voorbewerk.'!AF37="","",'Ber. Planning Voorbewerk.'!AF37) | AO62: =IF('Ber. Planning Voorbewerk.'!AG37="","",'Ber. Planning Voorbewerk.'!AG37) | AV62: =IF('Ber. Planning Voorbewerk.'!AH37="","",'Ber. Planning Voorbewerk.'!AH37) | AY62: =IF('Ber. Planning Voorbewerk.'!AJ37="","",'Ber. Planning Voorbewerk.'!AJ37) | AZ62: =IF('Ber. Planning Voorbewerk.'!AI37="","",'Ber. Planning Voorbewerk.'!AI37)
D63: =IF('Ber. Planning Voorbewerk.'!AF8="","",'Ber. Planning Voorbewerk.'!AF8) | F63: =IF('Ber. Planning Voorbewerk.'!AG8="","",'Ber. Planning Voorbewerk.'!AG8) | K63: =IF('Ber. Planning Voorbewerk.'!AH8="","",'Ber. Planning Voorbewerk.'!AH8) | N63: =IF('Ber. Planning Voorbewerk.'!AJ8="","",'Ber. Planning Voorbewerk.'!AJ8) | O63: =IF('Ber. Planning Voorbewerk.'!AI8="","",'Ber. Planning Voorbewerk.'!AI8) | T63: =IF('Ber. Planning Voorbewerk.'!AF23="","",'Ber. Planning Voorbewerk.'!AF23) | V63: =IF('Ber. Planning Voorbewerk.'!AG23="","",'Ber. Planning Voorbewerk.'!AG23) | AB63: =IF('Ber. Planning Voorbewerk.'!AH23="","",'Ber. Planning Voorbewerk.'!AH23) | AF63: =IF('Ber. Planning Voorbewerk.'!AJ23="","",'Ber. Planning Voorbewerk.'!AJ23) | AH63: =IF('Ber. Planning Voorbewerk.'!AI23="","",'Ber. Planning Voorbewerk.'!AI23) | AM63: =IF('Ber. Planning Voorbewerk.'!AF38="","",'Ber. Planning Voorbewerk.'!AF38) | AO63: =IF('Ber. Planning Voorbewerk.'!AG38="","",'Ber. Planning Voorbewerk.'!AG38) | AV63: =IF('Ber. Planning Voorbewerk.'!AH38="","",'Ber. Planning Voorbewerk.'!AH38) | AY63: =IF('Ber. Planning Voorbewerk.'!AJ38="","",'Ber. Planning Voorbewerk.'!AJ38) | AZ63: =IF('Ber. Planning Voorbewerk.'!AI38="","",'Ber. Planning Voorbewerk.'!AI38)
C64: Ov. | D64: =IF('Ber. Planning Overig'!AF4="","",'Ber. Planning Overig'!AF4) | F64: =IF('Ber. Planning Overig'!AG4="","",'Ber. Planning Overig'!AG4) | K64: =IF('Ber. Planning Overig'!AH4="","",'Ber. Planning Overig'!AH4) | N64: =IF('Ber. Planning Overig'!AJ4="","",'Ber. Planning Overig'!AJ4) | O64: =IF('Ber. Planning Overig'!AI4="","",'Ber. Planning Overig'!AI4) | Q64: =SUM(O64:P65) -> 0 | R64: =IF(Q64<>'Ber. Planning Overig'!AI15,"!","") | S64: Ov. | T64: =IF('Ber. Planning Overig'!AF19="","",'Ber. Planning Overig'!AF19) | V64: =IF('Ber. Planning Overig'!AG19="","",'Ber. Planning Overig'!AG19) | AB64: =IF('Ber. Planning Overig'!AH19="","",'Ber. Planning Overig'!AH19) | AF64: =IF('Ber. Planning Overig'!AJ19="","",'Ber. Planning Overig'!AJ19) | AH64: =IF('Ber. Planning Overig'!AI19="","",'Ber. Planning Overig'!AI19) | AI64: =SUM(AH64:AH65) -> 0 | AK64: =IF(AI64<>'Ber. Planning Overig'!AI30,"!","") | AL64: Ov. | AM64: =IF('Ber. Planning Overig'!AF34="","",'Ber. Planning Overig'!AF34) | AO64: =IF('Ber. Planning Overig'!AG34="","",'Ber. Planning Overig'!AG34) | AV64: =IF('Ber. Planning Overig'!AH34="","",'Ber. Planning Overig'!AH34) | AY64: =IF('Ber. Planning Overig'!AJ34="","",'Ber. Planning Overig'!AJ34) | AZ64: =IF('Ber. Planning Overig'!AI34="","",'Ber. Planning Overig'!AI34) | BA64: =SUM(AZ64:AZ65) -> 0 | BC64: =IF(BA64<>'Ber. Planning Overig'!AI45,"!","")
D65: =IF('Ber. Planning Overig'!AF5="","",'Ber. Planning Overig'!AF5) | F65: =IF('Ber. Planning Overig'!AG5="","",'Ber. Planning Overig'!AG5) | K65: =IF('Ber. Planning Overig'!AH5="","",'Ber. Planning Overig'!AH5) | N65: =IF('Ber. Planning Overig'!AJ5="","",'Ber. Planning Overig'!AJ5) | O65: =IF('Ber. Planning Overig'!AI5="","",'Ber. Planning Overig'!AI5) | T65: =IF('Ber. Planning Overig'!AF20="","",'Ber. Planning Overig'!AF20) | V65: =IF('Ber. Planning Overig'!AG20="","",'Ber. Planning Overig'!AG20) | AB65: =IF('Ber. Planning Overig'!AH20="","",'Ber. Planning Overig'!AH20) | AF65: =IF('Ber. Planning Overig'!AJ20="","",'Ber. Planning Overig'!AJ20) | AH65: =IF('Ber. Planning Overig'!AI20="","",'Ber. Planning Overig'!AI20) | AM65: =IF('Ber. Planning Overig'!AF35="","",'Ber. Planning Overig'!AF35) | AO65: =IF('Ber. Planning Overig'!AG35="","",'Ber. Planning Overig'!AG35) | AV65: =IF('Ber. Planning Overig'!AH35="","",'Ber. Planning Overig'!AH35) | AY65: =IF('Ber. Planning Overig'!AJ35="","",'Ber. Planning Overig'!AJ35) | AZ65: =IF('Ber. Planning Overig'!AI35="","",'Ber. Planning Overig'!AI35)

Sheet Uitbesteed
B2: Uitbesteed
C3: UITBESTEED
C4: Ordernummer | E4: Omschrijving | H4: Klant | J4: Week
C5: =IFERROR(IF('Ber. Uitbesteed'!B4=0,"",'Ber. Uitbesteed'!B4),"") | E5: =IF('Ber. Uitbesteed'!C4=0,"",'Ber. Uitbesteed'!C4) | H5: =IF('Ber. Uitbesteed'!D4=0,"",'Ber. Uitbesteed'!D4) | J5: =IF('Ber. Uitbesteed'!E4=0,"",'Ber. Uitbesteed'!E4)
C6: =IFERROR(IF('Ber. Uitbesteed'!B5=0,"",'Ber. Uitbesteed'!B5),"") | E6: =IF('Ber. Uitbesteed'!C5=0,"",'Ber. Uitbesteed'!C5) | H6: =IF('Ber. Uitbesteed'!D5=0,"",'Ber. Uitbesteed'!D5) | J6: =IF('Ber. Uitbesteed'!E5=0,"",'Ber. Uitbesteed'!E5)
C7: =IFERROR(IF('Ber. Uitbesteed'!B6=0,"",'Ber. Uitbesteed'!B6),"") | E7: =IF('Ber. Uitbesteed'!C6=0,"",'Ber. Uitbesteed'!C6) | H7: =IF('Ber. Uitbesteed'!D6=0,"",'Ber. Uitbesteed'!D6) | J7: =IF('Ber. Uitbesteed'!E6=0,"",'Ber. Uitbesteed'!E6)
C8: =IFERROR(IF('Ber. Uitbesteed'!B7=0,"",'Ber. Uitbesteed'!B7),"") | E8: =IF('Ber. Uitbesteed'!C7=0,"",'Ber. Uitbesteed'!C7) | H8: =IF('Ber. Uitbesteed'!D7=0,"",'Ber. Uitbesteed'!D7) | J8: =IF('Ber. Uitbesteed'!E7=0,"",'Ber. Uitbesteed'!E7)
C9: =IFERROR(IF('Ber. Uitbesteed'!B8=0,"",'Ber. Uitbesteed'!B8),"") | E9: =IF('Ber. Uitbesteed'!C8=0,"",'Ber. Uitbesteed'!C8) | H9: =IF('Ber. Uitbesteed'!D8=0,"",'Ber. Uitbesteed'!D8) | J9: =IF('Ber. Uitbesteed'!E8=0,"",'Ber. Uitbesteed'!E8)
C10: =IFERROR(IF('Ber. Uitbesteed'!B9=0,"",'Ber. Uitbesteed'!B9),"") | E10: =IF('Ber. Uitbesteed'!C9=0,"",'Ber. Uitbesteed'!C9) | H10: =IF('Ber. Uitbesteed'!D9=0,"",'Ber. Uitbesteed'!D9) | J10: =IF('Ber. Uitbesteed'!E9=0,"",'Ber. Uitbesteed'!E9)
C11: =IFERROR(IF('Ber. Uitbesteed'!B10=0,"",'Ber. Uitbesteed'!B10),"") | E11: =IF('Ber. Uitbesteed'!C10=0,"",'Ber. Uitbesteed'!C10) | H11: =IF('Ber. Uitbesteed'!D10=0,"",'Ber. Uitbesteed'!D10) | J11: =IF('Ber. Uitbesteed'!E10=0,"",'Ber. Uitbesteed'!E10)
C12: =IFERROR(IF('Ber. Uitbesteed'!B11=0,"",'Ber. Uitbesteed'!B11),"") | E12: =IF('Ber. Uitbesteed'!C11=0,"",'Ber. Uitbesteed'!C11) | H12: =IF('Ber. Uitbesteed'!D11=0,"",'Ber. Uitbesteed'!D11) | J12: =IF('Ber. Uitbesteed'!E11=0,"",'Ber. Uitbesteed'!E11)
C13: =IFERROR(IF('Ber. Uitbesteed'!B12=0,"",'Ber. Uitbesteed'!B12),"") | E13: =IF('Ber. Uitbesteed'!C12=0,"",'Ber. Uitbesteed'!C12) | H13: =IF('Ber. Uitbesteed'!D12=0,"",'Ber. Uitbesteed'!D12) | J13: =IF('Ber. Uitbesteed'!E12=0,"",'Ber. Uitbesteed'!E12)
C14: =IFERROR(IF('Ber. Uitbesteed'!B13=0,"",'Ber. Uitbesteed'!B13),"") | E14: =IF('Ber. Uitbesteed'!C13=0,"",'Ber. Uitbesteed'!C13) | H14: =IF('Ber. Uitbesteed'!D13=0,"",'Ber. Uitbesteed'!D13) | J14: =IF('Ber. Uitbesteed'!E13=0,"",'Ber. Uitbesteed'!E13)
C15: =IFERROR(IF('Ber. Uitbesteed'!B14=0,"",'Ber. Uitbesteed'!B14),"") | E15: =IF('Ber. Uitbesteed'!C14=0,"",'Ber. Uitbesteed'!C14) | H15: =IF('Ber. Uitbesteed'!D14=0,"",'Ber. Uitbesteed'!D14) | J15: =IF('Ber. Uitbesteed'!E14=0,"",'Ber. Uitbesteed'!E14)
C16: =IFERROR(IF('Ber. Uitbesteed'!B15=0,"",'Ber. Uitbesteed'!B15),"") | E16: =IF('Ber. Uitbesteed'!C15=0,"",'Ber. Uitbesteed'!C15) | H16: =IF('Ber. Uitbesteed'!D15=0,"",'Ber. Uitbesteed'!D15) | J16: =IF('Ber. Uitbesteed'!E15=0,"",'Ber. Uitbesteed'!E15)
... C30: =IFERROR(IF('Ber. Uitbesteed'!B29=0,"",'Ber. Uitbesteed'!B29),"") | E30: =IF('Ber. Uitbesteed'!C29=0,"",'Ber. Uitbesteed'!C29) | H30: =IF('Ber. Uitbesteed'!D29=0,"",'Ber. Uitbesteed'!D29) | J30: =IF('Ber. Uitbesteed'!E29=0,"",'Ber. Uitbesteed'!E29)

Sheet Invulmogelijkheden
B2: Invulmogelijkheden:
B3: Week | C3: Medewerker: | D3: Status: | E3: Hulpmaterialen:
B5: 1 | C5: Tomasz | D5: 1 - Werkvoorbereiding | E5: 0 - Niet nodig
B6: 2 | C6: Ed | D6: 2 - Materiaal deels besteld | E6: 1 - Nog bestellen
B7: 3 | C7: Tomasz F | D7: 3 - Materiaal besteld | E7: 2 - Besteld
B8: 4 | C8: Mark | D8: 4 - Materiaal binnen | E8: 3 - Compleet
B9: 5 | C9: Zoltan | D9: 5 - Voorbereiden (Nobelweg 2B) | E9: 4 - Afgeleverd
B10: 6 | C10: Voorbewerking | D10: 6 - In productie (Nobelweg 3) | I10: Tomasz, Ed, Tomasz F, Mark, Zoltan, Voorbewerking
B11: 7 | C11: Overig | D11: 7 - Klaar voor coater/verzinkerij
B12: 8 | D12: 8 - Bij coater/verzinkerij
B13: 9 | D13: 9 - Gereed, kan worden opgehaald
B14: 10 | D14: 10 - Afgeleverd
B15: 11 | D15: UITBESTEED
B16: 12
B17: 13
B18: 14
B19: 15
B20: 16
B21: 17
B22: 18
B23: 19
B24: 20
B25: 21
B26: 22
B27: 23
... B56: 52

Sheet Ber. st. 1
B2: 1 - Werkvoorbereiding
B3: Ordernummer: | C3: Omschrijving: | D3: Klant: | E3: Week: | F3: Totale uren: | G3: Medewerker 1: | H3: % uren 1: | I3: Uren 1: | J3: Medewerker 2: | K3: % uren 2: | L3: Uren 2: | M3: Status: | N3: Hulpmaterialen:
B4: {=_xlfn._xlws.SORT(_xlfn._xlws.FILTER(Invulblad!B6:T1003,Invulblad!S6:S1003=B2,""),4,1)} -> #VALUE!

Sheet Ber. st. 2
B2: 2 - Materiaal deels besteld
B3: Ordernummer: | C3: Omschrijving: | D3: Klant: | E3: Week: | F3: Totale uren: | G3: Medewerker 1: | H3: % uren 1: | I3: Uren 1: | J3: Medewerker 2: | K3: % uren 2: | L3: Uren 2: | M3: Status: | N3: Hulpmaterialen:
B4: {=_xlfn._xlws.SORT(_xlfn._xlws.FILTER(Invulblad!B6:T1003,Invulblad!S6:S1003=B2,""),4,1)} -> #VALUE!

Sheet Ber. st. 3
B2: 3 - Materiaal besteld
B3: Ordernummer: | C3: Omschrijving: | D3: Klant: | E3: Week: | F3: Totale uren: | G3: Medewerker 1: | H3: % uren 1: | I3: Uren 1: | J3: Medewerker 2: | K3: % uren 2: | L3: Uren 2: | M3: Status: | N3: Hulpmaterialen:
B4: {=_xlfn._xlws.SORT(_xlfn._xlws.FILTER(Invulblad!B6:T1003,Invulblad!S6:S1003=B2,""),4,1)} -> #VALUE!

Sheet Ber. st. 4
B2: 4 - Materiaal binnen
B3: Ordernummer: | C3: Omschrijving: | D3: Klant: | E3: Week: | F3: Totale uren: | G3: Medewerker 1: | H3: % uren 1: | I3: Uren 1: | J3: Medewerker 2: | K3: % uren 2: | L3: Uren 2: | M3: Status: | N3: Hulpmaterialen:
B4: {=_xlfn._xlws.SORT(_xlfn._xlws.FILTER(Invulblad!B6:T1003,Invulblad!S6:S1003=B2,""),4,1)} -> #VALUE!

Sheet Ber. st. 5
B2: 5 - Voorbereiden (Nobelweg 2B)
B3: Ordernummer: | C3: Omschrijving: | D3: Klant: | E3: Week: | F3: Totale uren: | G3: Medewerker 1: | H3: % uren 1: | I3: Uren 1: | J3: Medewerker 2: | K3: % uren 2: | L3: Uren 2: | M3: Status: | N3: Hulpmaterialen:
B4: {=_xlfn._xlws.SORT(_xlfn._xlws.FILTER(Invulblad!B6:T1003,Invulblad!S6:S1003=B2,""),4,1)} -> #VALUE!

Sheet Ber. st. 6
B2: 6 - In productie (Nobelweg 3)
B3: Ordernummer: | C3: Omschrijving: | D3: Klant: | E3: Week: | F3: Totale uren: | G3: Medewerker 1: | H3: % uren 1: | I3: Uren 1: | J3: Medewerker 2: | K3: % uren 2: | L3: Uren 2: | M3: Status: | N3: Hulpmaterialen:
B4: {=_xlfn._xlws.SORT(_xlfn._xlws.FILTER(Invulblad!B6:T1003,Invulblad!S6:S1003=B2,""),4,1)} -> #VALUE!

Sheet Ber. st. 7
B2: 7 - Klaar voor coater/verzinkerij
B3: Ordernummer: | C3: Omschrijving: | D3: Klant: | E3: Week: | F3: Totale uren: | G3: Medewerker 1: | H3: % uren 1: | I3: Uren 1: | J3: Medewerker 2: | K3: % uren 2: | L3: Uren 2: | M3: Status: | N3: Hulpmaterialen:
B4: {=_xlfn._xlws.SORT(_xlfn._xlws.FILTER(Invulblad!B6:T1003,Invulblad!S6:S1003=B2,""),4,1)} -> #VALUE!

Sheet Ber. st. 8
B2: 8 - Bij coater/verzinkerij
B3: Ordernummer: | C3: Omschrijving: | D3: Klant: | E3: Week: | F3: Totale uren: | G3: Medewerker 1: | H3: % uren 1: | I3: Uren 1: | J3: Medewerker 2: | K3: % uren 2: | L3: Uren 2: | M3: Status: | N3: Hulpmaterialen:
B4: {=_xlfn._xlws.SORT(_xlfn._xlws.FILTER(Invulblad!B6:T1003,Invulblad!S6:S1003=B2,""),4,1)} -> #VALUE!

Sheet Ber. st. 9
B2: 9 - Gereed, kan worden opgehaald
B3: Ordernummer: | C3: Omschrijving: | D3: Klant: | E3: Week: | F3: Totale uren: | G3: Medewerker 1: | H3: % uren 1: | I3: Uren 1: | J3: Medewerker 2: | K3: % uren 2: | L3: Uren 2: | M3: Status: | N3: Hulpmaterialen:
B4: {=_xlfn._xlws.SORT(_xlfn._xlws.FILTER(Invulblad!B6:T1003,Invulblad!S6:S1003=B2,""),4,1)} -> #VALUE!

Sheet Ber. Uitbesteed
B2: UITBESTEED
B3: Ordernummer: | C3: Omschrijving: | D3: Klant: | E3: Week: | F3: Totale uren: | G3: Medewerker 1: | H3: % uren 1: | I3: Uren 1: | J3: Medewerker 2: | K3: % uren 2: | L3: Uren 2: | M3: Status: | N3: Hulpmaterialen:
B4: {=_xlfn._xlws.SORT(_xlfn._xlws.FILTER(Invulblad!B6:T1003,Invulblad!S6:S1003=B2,""),4,1)} -> #VALUE!

Sheet Ber. Hulpmateriaal
B2: 1 - Nog bestellen
B3: Ordernummer: | C3: Omschrijving: | D3: Klant: | E3: Week: | F3: Totale uren: | G3: Medewerker 1: | H3: % uren 1: | I3: Uren 1: | J3: Medewerker 2: | K3: % uren 2: | L3: Uren 2: | M3: Status: | N3: Hulpmaterialen:
B4: {=_xlfn._xlws.SORT(_xlfn._xlws.FILTER(Invulblad!B6:T1003,Invulblad!T6:T1003=B2,""),4,1)} -> #VALUE!
B15: 2 - Besteld
B16: Ordernummer: | C16: Omschrijving: | D16: Klant: | E16: Week: | F16: Totale uren: | G16: Medewerker 1: | H16: % uren 1: | I16: Uren 1: | J16: Medewerker 2: | K16: % uren 2: | L16: Uren 2: | M16: Status: | N16: Hulpmaterialen:
B17: {=_xlfn._xlws.SORT(_xlfn._xlws.FILTER(Invulblad!B6:T1003,Invulblad!T6:T1003=B15,""),4,1)} -> #VALUE!
B28: 3 - Compleet
B29: Ordernummer: | C29: Omschrijving: | D29: Klant: | E29: Week: | F29: Totale uren: | G29: Medewerker 1: | H29: % uren 1: | I29: Uren 1: | J29: Medewerker 2: | K29: % uren 2: | L29: Uren 2: | M29: Status: | N29: Hulpmaterialen:
B30: {=_xlfn._xlws.SORT(_xlfn._xlws.FILTER(Invulblad!B6:T1003,Invulblad!T6:T1003=B28,""),4,1)} -> #VALUE!

Sheet Ber. Planning Totaal
B2: Planning
B3: Ordernummer: | C3: Omschrijving: | D3: Klant: | E3: Week: | F3: Totale uren: | G3: Medewerker 1: | H3: % uren 1: | I3: Uren 1: | J3: Medewerker 2: | K3: % uren 2: | L3: Uren 2: | M3: Medewerker 3: | N3: % uren 3: | O3: Uren 3: | P3: Controle % | Q3: Datum coater/verzinkerij: | R3: Datum gereed: | S3: Status: | T3: Hulpmaterialen:
B4: {=_xlfn._xlws.SORT(_xlfn._xlws.FILTER(Invulblad!B6:T1003,Invulblad!S6:S1003<>"10 - Afgeleverd",""),4,1)} -> 0 | C4: 0 | D4: 0 | E4: 0 | F4: 0 | G4: 0 | H4: 0 | J4: 0 | K4: 0 | M4: 0 | N4: 0 | Q4: 0 | R4: 0 | S4: 0 | T4: 0
B5: 0 | C5: 0 | D5: 0 | E5: 0 | F5: 0 | G5: 0 | H5: 0 | J5: 0 | K5: 0 | M5: 0 | N5: 0 | Q5: 0 | R5: 0 | S5: 0 | T5: 0
B6: 0 | C6: 0 | D6: 0 | E6: 0 | F6: 0 | G6: 0 | H6: 0 | J6: 0 | K6: 0 | M6: 0 | N6: 0 | Q6: 0 | R6: 0 | S6: 0 | T6: 0
B7: 0 | C7: 0 | D7: 0 | E7: 0 | F7: 0 | G7: 0 | H7: 0 | J7: 0 | K7: 0 | M7: 0 | N7: 0 | Q7: 0 | R7: 0 | S7: 0 | T7: 0
B8: 0 | C8: 0 | D8: 0 | E8: 0 | F8: 0 | G8: 0 | H8: 0 | J8: 0 | K8: 0 | M8: 0 | N8: 0 | Q8: 0 | R8: 0 | S8: 0 | T8: 0
B9: 0 | C9: 0 | D9: 0 | E9: 0 | F9: 0 | G9: 0 | H9: 0 | J9: 0 | K9: 0 | M9: 0 | N9: 0 | Q9: 0 | R9: 0 | S9: 0 | T9: 0
B10: 0 | C10: 0 | D10: 0 | E10: 0 | F10: 0 | G10: 0 | H10: 0 | J10: 0 | K10: 0 | M10: 0 | N10: 0 | Q10: 0 | R10: 0 | S10: 0 | T10: 0
B11: 0 | C11: 0 | D11: 0 | E11: 0 | F11: 0 | G11: 0 | H11: 0 | J11: 0 | K11: 0 | M11: 0 | N11: 0 | Q11: 0 | R11: 0 | S11: 0 | T11: 0
B12: 0 | C12: 0 | D12: 0 | E12: 0 | F12: 0 | G12: 0 | H12: 0 | J12: 0 | K12: 0 | M12: 0 | N12: 0 | Q12: 0 | R12: 0 | S12: 0 | T12: 0
B13: 0 | C13: 0 | D13: 0 | E13: 0 | F13: 0 | G13: 0 | H13: 0 | J13: 0 | K13: 0 | M13: 0 | N13: 0 | Q13: 0 | R13: 0 | S13: 0 | T13: 0
B14: 0 | C14: 0 | D14: 0 | E14: 0 | F14: 0 | G14: 0 | H14: 0 | J14: 0 | K14: 0 | M14: 0 | N14: 0 | Q14: 0 | R14: 0 | S14: 0 | T14: 0
B15: 0 | C15: 0 | D15: 0 | E15: 0 | F15: 0 | G15: 0 | H15: 0 | J15: 0 | K15: 0 | M15: 0 | N15: 0 | Q15: 0 | R15: 0 | S15: 0 | T15: 0
B16: 0 | C16: 0 | D16: 0 | E16: 0 | F16: 0 | G16: 0 | H16: 0 | J16: 0 | K16: 0 | M16: 0 | N16: 0 | Q16: 0 | R16: 0 | S16: 0 | T16: 0
... B1001: 0 | C1001: 0 | D1001: 0 | E1001: 0 | F1001: 0 | G1001: 0 | H1001: 0 | J1001: 0 | K1001: 0 | M1001: 0 | N1001: 0 | Q1001: 0 | R1001: 0 | S1001: 0 | T1001: 0

Sheet Ber. Planning Tomasz
B2: Medewerker: | C2: Tomasz | AC2: Omrekening status: | AF2: Week: | AG2: =Dashboard!E32 -> 9
B3: Ordernummer: | C3: Omschrijving: | D3: Klant: | E3: Week: | F3: Totale uren: | G3: Medewerker 1: | H3: % uren 1: | I3: Uren 1: | J3: Medewerker 2: | K3: % uren 2: | L3: Uren 2: | M3: Medewerker 3: | N3: % uren 3: | O3: Uren 3: | P3: Controle % | Q3: Datum coater/verzinkerij: | R3: Datum gereed: | S3: Status: | T3: Hulpmaterialen: | V3: Week: | W3: Order: | X3: Omschrijving | Y3: Klant: | Z3: Uren: | AA3: Status: | AC3: Status: | AD3: Nummer: | AF3: Order: | AG3: Omschrijving | AH3: Klant: | AI3: Uren: | AJ3: Status:
B4: {=_xlfn._xlws.FILTER('Ber. Planning Totaal'!B4:T1000,('Ber. Planning Totaal'!G4:G1000=C2)+('Ber. Planning Totaal'!J4:J1000=C2)+('Ber. Planning Totaal'!M4:M1000=C2))} -> #VALUE! | V4: =IF(E4="","",E4) | W4: =IF(B4="","",B4) -> #VALUE! | X4: =IF(B4="","",C4) -> #VALUE! | Y4: =IF(B4="","",D4) -> #VALUE! | Z4: =IF(B4="","",IF(G4=$C$2,I4,L4)) -> #VALUE! | AA4: =IF(B4="","",VLOOKUP(S4,$AC$3:$AD$14,2,FALSE)) -> #VALUE! | AC4: 1 - Werkvoorbereiding | AD4: 1 | AF4: {=_xlfn._xlws.FILTER($W$4:$AA$100,$V$4:$V$100=AG2,"")}
V5: =IF(E5="","",E5) | W5: =IF(B5="","",B5) | X5: =IF(B5="","",C5) | Y5: =IF(B5="","",D5) | Z5: =IF(B5="","",IF(G5=$C$2,I5,L5)) | AA5: =IF(B5="","",VLOOKUP(S5,$AC$3:$AD$14,2,FALSE)) | AC5: 2 - Materiaal deels besteld | AD5: 2
V6: =IF(E6="","",E6) | W6: =IF(B6="","",B6) | X6: =IF(B6="","",C6) | Y6: =IF(B6="","",D6) | Z6: =IF(B6="","",IF(G6=$C$2,I6,L6)) | AA6: =IF(B6="","",VLOOKUP(S6,$AC$3:$AD$14,2,FALSE)) | AC6: 3 - Materiaal besteld | AD6: 3
V7: =IF(E7="","",E7) | W7: =IF(B7="","",B7) | X7: =IF(B7="","",C7) | Y7: =IF(B7="","",D7) | Z7: =IF(B7="","",IF(G7=$C$2,I7,L7)) | AA7: =IF(B7="","",VLOOKUP(S7,$AC$3:$AD$14,2,FALSE)) | AC7: 4 - Materiaal binnen | AD7: 4
V8: =IF(E8="","",E8) | W8: =IF(B8="","",B8) | X8: =IF(B8="","",C8) | Y8: =IF(B8="","",D8) | Z8: =IF(B8="","",IF(G8=$C$2,I8,L8)) | AA8: =IF(B8="","",VLOOKUP(S8,$AC$3:$AD$14,2,FALSE)) | AC8: 5 - Voorbereiden (Nobelweg 2B) | AD8: 5
V9: =IF(E9="","",E9) | W9: =IF(B9="","",B9) | X9: =IF(B9="","",C9) | Y9: =IF(B9="","",D9) | Z9: =IF(B9="","",IF(G9=$C$2,I9,L9)) | AA9: =IF(B9="","",VLOOKUP(S9,$AC$3:$AD$14,2,FALSE)) | AC9: 6 - In productie (Nobelweg 3) | AD9: 6
V10: =IF(E10="","",E10) | W10: =IF(B10="","",B10) | X10: =IF(B10="","",C10) | Y10: =IF(B10="","",D10) | Z10: =IF(B10="","",IF(G10=$C$2,I10,L10)) | AA10: =IF(B10="","",VLOOKUP(S10,$AC$3:$AD$14,2,FALSE)) | AC10: 7 - Klaar voor coater/verzinkerij | AD10: 7
V11: =IF(E11="","",E11) | W11: =IF(B11="","",B11) | X11: =IF(B11="","",C11) | Y11: =IF(B11="","",D11) | Z11: =IF(B11="","",IF(G11=$C$2,I11,L11)) | AA11: =IF(B11="","",VLOOKUP(S11,$AC$3:$AD$14,2,FALSE)) | AC11: 8 - Bij coater/verzinkerij | AD11: 8
V12: =IF(E12="","",E12) | W12: =IF(B12="","",B12) | X12: =IF(B12="","",C12) | Y12: =IF(B12="","",D12) | Z12: =IF(B12="","",IF(G12=$C$2,I12,L12)) | AA12: =IF(B12="","",VLOOKUP(S12,$AC$3:$AD$14,2,FALSE)) | AC12: 9 - Gereed, kan worden opgehaald | AD12: 9
V13: =IF(E13="","",E13) | W13: =IF(B13="","",B13) | X13: =IF(B13="","",C13) | Y13: =IF(B13="","",D13) | Z13: =IF(B13="","",IF(G13=$C$2,I13,L13)) | AA13: =IF(B13="","",VLOOKUP(S13,$AC$3:$AD$14,2,FALSE)) | AC13: 10 - Afgeleverd | AD13: 10
V14: =IF(E14="","",E14) | W14: =IF(B14="","",B14) | X14: =IF(B14="","",C14) | Y14: =IF(B14="","",D14) | Z14: =IF(B14="","",IF(G14=$C$2,I14,L14)) | AA14: =IF(B14="","",VLOOKUP(S14,$AC$3:$AD$14,2,FALSE)) | AC14: UITBESTEED | AD14: U
V15: =IF(E15="","",E15) | W15: =IF(B15="","",B15) | X15: =IF(B15="","",C15) | Y15: =IF(B15="","",D15) | Z15: =IF(B15="","",IF(G15=$C$2,I15,L15)) | AA15: =IF(B15="","",VLOOKUP(S15,$AC$3:$AD$14,2,FALSE)) | AF15: Totaal | AI15: =SUM(AI4:AI14) -> 0
V16: =IF(E16="","",E16) | W16: =IF(B16="","",B16) | X16: =IF(B16="","",C16) | Y16: =IF(B16="","",D16) | Z16: =IF(B16="","",IF(G16=$C$2,I16,L16)) | AA16: =IF(B16="","",VLOOKUP(S16,$AC$3:$AD$14,2,FALSE))
V17: =IF(E17="","",E17) | W17: =IF(B17="","",B17) | X17: =IF(B17="","",C17) | Y17: =IF(B17="","",D17) | Z17: =IF(B17="","",IF(G17=$C$2,I17,L17)) | AA17: =IF(B17="","",VLOOKUP(S17,$AC$3:$AD$14,2,FALSE)) | AF17: Week: | AG17: =Dashboard!U32 -> 10
V18: =IF(E18="","",E18) | W18: =IF(B18="","",B18) | X18: =IF(B18="","",C18) | Y18: =IF(B18="","",D18) | Z18: =IF(B18="","",IF(G18=$C$2,I18,L18)) | AA18: =IF(B18="","",VLOOKUP(S18,$AC$3:$AD$14,2,FALSE)) | AF18: Order: | AG18: Omschrijving | AH18: Klant: | AI18: Uren: | AJ18: Status:
V19: =IF(E19="","",E19) | W19: =IF(B19="","",B19) | X19: =IF(B19="","",C19) | Y19: =IF(B19="","",D19) | Z19: =IF(B19="","",IF(G19=$C$2,I19,L19)) | AA19: =IF(B19="","",VLOOKUP(S19,$AC$3:$AD$14,2,FALSE)) | AF19: {=_xlfn._xlws.FILTER($W$4:$AA$100,$V$4:$V$100=AG17,"")}
V20: =IF(E20="","",E20) | W20: =IF(B20="","",B20) | X20: =IF(B20="","",C20) | Y20: =IF(B20="","",D20) | Z20: =IF(B20="","",IF(G20=$C$2,I20,L20)) | AA20: =IF(B20="","",VLOOKUP(S20,$AC$3:$AD$14,2,FALSE))
V21: =IF(E21="","",E21) | W21: =IF(B21="","",B21) | X21: =IF(B21="","",C21) | Y21: =IF(B21="","",D21) | Z21: =IF(B21="","",IF(G21=$C$2,I21,L21)) | AA21: =IF(B21="","",VLOOKUP(S21,$AC$3:$AD$14,2,FALSE))
V22: =IF(E22="","",E22) | W22: =IF(B22="","",B22) | X22: =IF(B22="","",C22) | Y22: =IF(B22="","",D22) | Z22: =IF(B22="","",IF(G22=$C$2,I22,L22)) | AA22: =IF(B22="","",VLOOKUP(S22,$AC$3:$AD$14,2,FALSE))
V23: =IF(E23="","",E23) | W23: =IF(B23="","",B23) | X23: =IF(B23="","",C23) | Y23: =IF(B23="","",D23) | Z23: =IF(B23="","",IF(G23=$C$2,I23,L23)) | AA23: =IF(B23="","",VLOOKUP(S23,$AC$3:$AD$14,2,FALSE))
V24: =IF(E24="","",E24) | W24: =IF(B24="","",B24) | X24: =IF(B24="","",C24) | Y24: =IF(B24="","",D24) | Z24: =IF(B24="","",IF(G24=$C$2,I24,L24)) | AA24: =IF(B24="","",VLOOKUP(S24,$AC$3:$AD$14,2,FALSE))
V25: =IF(E25="","",E25) | W25: =IF(B25="","",B25) | X25: =IF(B25="","",C25) | Y25: =IF(B25="","",D25) | Z25: =IF(B25="","",IF(G25=$C$2,I25,L25)) | AA25: =IF(B25="","",VLOOKUP(S25,$AC$3:$AD$14,2,FALSE))
V26: =IF(E26="","",E26) | W26: =IF(B26="","",B26) | X26: =IF(B26="","",C26) | Y26: =IF(B26="","",D26) | Z26: =IF(B26="","",IF(G26=$C$2,I26,L26)) | AA26: =IF(B26="","",VLOOKUP(S26,$AC$3:$AD$14,2,FALSE))
V27: =IF(E27="","",E27) | W27: =IF(B27="","",B27) | X27: =IF(B27="","",C27) | Y27: =IF(B27="","",D27) | Z27: =IF(B27="","",IF(G27=$C$2,I27,L27)) | AA27: =IF(B27="","",VLOOKUP(S27,$AC$3:$AD$14,2,FALSE))
V28: =IF(E28="","",E28) | W28: =IF(B28="","",B28) | X28: =IF(B28="","",C28) | Y28: =IF(B28="","",D28) | Z28: =IF(B28="","",IF(G28=$C$2,I28,L28)) | AA28: =IF(B28="","",VLOOKUP(S28,$AC$3:$AD$14,2,FALSE))
V29: =IF(E29="","",E29) | W29: =IF(B29="","",B29) | X29: =IF(B29="","",C29) | Y29: =IF(B29="","",D29) | Z29: =IF(B29="","",IF(G29=$C$2,I29,L29)) | AA29: =IF(B29="","",VLOOKUP(S29,$AC$3:$AD$14,2,FALSE))
V30: =IF(E30="","",E30) | W30: =IF(B30="","",B30) | X30: =IF(B30="","",C30) | Y30: =IF(B30="","",D30) | Z30: =IF(B30="","",IF(G30=$C$2,I30,L30)) | AA30: =IF(B30="","",VLOOKUP(S30,$AC$3:$AD$14,2,FALSE)) | AF30: Totaal | AI30: =SUM(AI19:AI29) -> 0
V31: =IF(E31="","",E31) | W31: =IF(B31="","",B31) | X31: =IF(B31="","",C31) | Y31: =IF(B31="","",D31) | Z31: =IF(B31="","",IF(G31=$C$2,I31,L31)) | AA31: =IF(B31="","",VLOOKUP(S31,$AC$3:$AD$14,2,FALSE))
V32: =IF(E32="","",E32) | W32: =IF(B32="","",B32) | X32: =IF(B32="","",C32) | Y32: =IF(B32="","",D32) | Z32: =IF(B32="","",IF(G32=$C$2,I32,L32)) | AA32: =IF(B32="","",VLOOKUP(S32,$AC$3:$AD$14,2,FALSE)) | AF32: Week: | AG32: =Dashboard!AN32 -> 11
V33: =IF(E33="","",E33) | W33: =IF(B33="","",B33) | X33: =IF(B33="","",C33) | Y33: =IF(B33="","",D33) | Z33: =IF(B33="","",IF(G33=$C$2,I33,L33)) | AA33: =IF(B33="","",VLOOKUP(S33,$AC$3:$AD$14,2,FALSE)) | AF33: Order: | AG33: Omschrijving | AH33: Klant: | AI33: Uren: | AJ33: Status:
V34: =IF(E34="","",E34) | W34: =IF(B34="","",B34) | X34: =IF(B34="","",C34) | Y34: =IF(B34="","",D34) | Z34: =IF(B34="","",IF(G34=$C$2,I34,L34)) | AA34: =IF(B34="","",VLOOKUP(S34,$AC$3:$AD$14,2,FALSE)) | AF34: {=_xlfn._xlws.FILTER($W$4:$AA$100,$V$4:$V$100=AG32,"")}
V35: =IF(E35="","",E35) | W35: =IF(B35="","",B35) | X35: =IF(B35="","",C35) | Y35: =IF(B35="","",D35) | Z35: =IF(B35="","",IF(G35=$C$2,I35,L35)) | AA35: =IF(B35="","",VLOOKUP(S35,$AC$3:$AD$14,2,FALSE))
V36: =IF(E36="","",E36) | W36: =IF(B36="","",B36) | X36: =IF(B36="","",C36) | Y36: =IF(B36="","",D36) | Z36: =IF(B36="","",IF(G36=$C$2,I36,L36)) | AA36: =IF(B36="","",VLOOKUP(S36,$AC$3:$AD$14,2,FALSE))
V37: =IF(E37="","",E37) | W37: =IF(B37="","",B37) | X37: =IF(B37="","",C37) | Y37: =IF(B37="","",D37) | Z37: =IF(B37="","",IF(G37=$C$2,I37,L37)) | AA37: =IF(B37="","",VLOOKUP(S37,$AC$3:$AD$14,2,FALSE))
V38: =IF(E38="","",E38) | W38: =IF(B38="","",B38) | X38: =IF(B38="","",C38) | Y38: =IF(B38="","",D38) | Z38: =IF(B38="","",IF(G38=$C$2,I38,L38)) | AA38: =IF(B38="","",VLOOKUP(S38,$AC$3:$AD$14,2,FALSE))
V39: =IF(E39="","",E39) | W39: =IF(B39="","",B39) | X39: =IF(B39="","",C39) | Y39: =IF(B39="","",D39) | Z39: =IF(B39="","",IF(G39=$C$2,I39,L39)) | AA39: =IF(B39="","",VLOOKUP(S39,$AC$3:$AD$14,2,FALSE))
V40: =IF(E40="","",E40) | W40: =IF(B40="","",B40) | X40: =IF(B40="","",C40) | Y40: =IF(B40="","",D40) | Z40: =IF(B40="","",IF(G40=$C$2,I40,L40)) | AA40: =IF(B40="","",VLOOKUP(S40,$AC$3:$AD$14,2,FALSE))
V41: =IF(E41="","",E41) | W41: =IF(B41="","",B41) | X41: =IF(B41="","",C41) | Y41: =IF(B41="","",D41) | Z41: =IF(B41="","",IF(G41=$C$2,I41,L41)) | AA41: =IF(B41="","",VLOOKUP(S41,$AC$3:$AD$14,2,FALSE))
V42: =IF(E42="","",E42) | W42: =IF(B42="","",B42) | X42: =IF(B42="","",C42) | Y42: =IF(B42="","",D42) | Z42: =IF(B42="","",IF(G42=$C$2,I42,L42)) | AA42: =IF(B42="","",VLOOKUP(S42,$AC$3:$AD$14,2,FALSE))
V43: =IF(E43="","",E43) | W43: =IF(B43="","",B43) | X43: =IF(B43="","",C43) | Y43: =IF(B43="","",D43) | Z43: =IF(B43="","",IF(G43=$C$2,I43,L43)) | AA43: =IF(B43="","",VLOOKUP(S43,$AC$3:$AD$14,2,FALSE))
V44: =IF(E44="","",E44) | W44: =IF(B44="","",B44) | X44: =IF(B44="","",C44) | Y44: =IF(B44="","",D44) | Z44: =IF(B44="","",IF(G44=$C$2,I44,L44)) | AA44: =IF(B44="","",VLOOKUP(S44,$AC$3:$AD$14,2,FALSE))
V45: =IF(E45="","",E45) | W45: =IF(B45="","",B45) | X45: =IF(B45="","",C45) | Y45: =IF(B45="","",D45) | Z45: =IF(B45="","",IF(G45=$C$2,I45,L45)) | AA45: =IF(B45="","",VLOOKUP(S45,$AC$3:$AD$14,2,FALSE)) | AF45: Totaal | AI45: =SUM(AI34:AI44) -> 0
V46: =IF(E46="","",E46) | W46: =IF(B46="","",B46) | X46: =IF(B46="","",C46) | Y46: =IF(B46="","",D46) | Z46: =IF(B46="","",IF(G46=$C$2,I46,L46)) | AA46: =IF(B46="","",VLOOKUP(S46,$AC$3:$AD$14,2,FALSE))
V47: =IF(E47="","",E47) | W47: =IF(B47="","",B47) | X47: =IF(B47="","",C47) | Y47: =IF(B47="","",D47) | Z47: =IF(B47="","",IF(G47=$C$2,I47,L47)) | AA47: =IF(B47="","",VLOOKUP(S47,$AC$3:$AD$14,2,FALSE))
V48: =IF(E48="","",E48) | W48: =IF(B48="","",B48) | X48: =IF(B48="","",C48) | Y48: =IF(B48="","",D48) | Z48: =IF(B48="","",IF(G48=$C$2,I48,L48)) | AA48: =IF(B48="","",VLOOKUP(S48,$AC$3:$AD$14,2,FALSE))
V49: =IF(E49="","",E49) | W49: =IF(B49="","",B49) | X49: =IF(B49="","",C49) | Y49: =IF(B49="","",D49) | Z49: =IF(B49="","",IF(G49=$C$2,I49,L49)) | AA49: =IF(B49="","",VLOOKUP(S49,$AC$3:$AD$14,2,FALSE))
V50: =IF(E50="","",E50) | W50: =IF(B50="","",B50) | X50: =IF(B50="","",C50) | Y50: =IF(B50="","",D50) | Z50: =IF(B50="","",IF(G50=$C$2,I50,L50)) | AA50: =IF(B50="","",VLOOKUP(S50,$AC$3:$AD$14,2,FALSE))
V51: =IF(E51="","",E51) | W51: =IF(B51="","",B51) | X51: =IF(B51="","",C51) | Y51: =IF(B51="","",D51) | Z51: =IF(B51="","",IF(G51=$C$2,I51,L51)) | AA51: =IF(B51="","",VLOOKUP(S51,$AC$3:$AD$14,2,FALSE))
V52: =IF(E52="","",E52) | W52: =IF(B52="","",B52) | X52: =IF(B52="","",C52) | Y52: =IF(B52="","",D52) | Z52: =IF(B52="","",IF(G52=$C$2,I52,L52)) | AA52: =IF(B52="","",VLOOKUP(S52,$AC$3:$AD$14,2,FALSE))
V53: =IF(E53="","",E53) | W53: =IF(B53="","",B53) | X53: =IF(B53="","",C53) | Y53: =IF(B53="","",D53) | Z53: =IF(B53="","",IF(G53=$C$2,I53,L53)) | AA53: =IF(B53="","",VLOOKUP(S53,$AC$3:$AD$14,2,FALSE))
V54: =IF(E54="","",E54) | W54: =IF(B54="","",B54) | X54: =IF(B54="","",C54) | Y54: =IF(B54="","",D54) | Z54: =IF(B54="","",IF(G54=$C$2,I54,L54)) | AA54: =IF(B54="","",VLOOKUP(S54,$AC$3:$AD$14,2,FALSE))
V55: =IF(E55="","",E55) | W55: =IF(B55="","",B55) | X55: =IF(B55="","",C55) | Y55: =IF(B55="","",D55) | Z55: =IF(B55="","",IF(G55=$C$2,I55,L55)) | AA55: =IF(B55="","",VLOOKUP(S55,$AC$3:$AD$14,2,FALSE))
V56: =IF(E56="","",E56) | W56: =IF(B56="","",B56) | X56: =IF(B56="","",C56) | Y56: =IF(B56="","",D56) | Z56: =IF(B56="","",IF(G56=$C$2,I56,L56)) | AA56: =IF(B56="","",VLOOKUP(S56,$AC$3:$AD$14,2,FALSE))
V57: =IF(E57="","",E57) | W57: =IF(B57="","",B57) | X57: =IF(B57="","",C57) | Y57: =IF(B57="","",D57) | Z57: =IF(B57="","",IF(G57=$C$2,I57,L57)) | AA57: =IF(B57="","",VLOOKUP(S57,$AC$3:$AD$14,2,FALSE))
... V100: =IF(E100="","",E100) | W100: =IF(B100="","",B100) | X100: =IF(B100="","",C100) | Y100: =IF(B100="","",D100) | Z100: =IF(B100="","",IF(G100=$C$2,I100,L100)) | AA100: =IF(B100="","",VLOOKUP(S100,$AC$3:$AD$14,2,FALSE))

Sheet Ber. Planning Ed
B2: Medewerker: | C2: Ed | AC2: Omrekening status: | AF2: Week: | AG2: =Dashboard!E32 -> 9
B3: Ordernummer: | C3: Omschrijving: | D3: Klant: | E3: Week: | F3: Totale uren: | G3: Medewerker 1: | H3: % uren 1: | I3: Uren 1: | J3: Medewerker 2: | K3: % uren 2: | L3: Uren 2: | M3: Medewerker 3: | N3: % uren 3: | O3: Uren 3: | P3: Controle % | Q3: Datum coater/verzinkerij: | R3: Datum gereed: | S3: Status: | T3: Hulpmaterialen: | V3: Week: | W3: Order: | X3: Omschrijving | Y3: Klant: | Z3: Uren: | AA3: Status: | AC3: Status: | AD3: Nummer: | AF3: Order: | AG3: Omschrijving | AH3: Klant: | AI3: Uren: | AJ3: Status:
B4: {=_xlfn._xlws.FILTER('Ber. Planning Totaal'!B4:T1000,('Ber. Planning Totaal'!G4:G1000=C2)+('Ber. Planning Totaal'!J4:J1000=C2)+('Ber. Planning Totaal'!M4:M1000=C2))} -> #VALUE! | V4: =IF(E4="","",E4) | W4: =IF(B4="","",B4) -> #VALUE! | X4: =IF(B4="","",C4) -> #VALUE! | Y4: =IF(B4="","",D4) -> #VALUE! | Z4: =IF(B4="","",IF(G4=$C$2,I4,L4)) -> #VALUE! | AA4: =IF(B4="","",VLOOKUP(S4,$AC$3:$AD$14,2,FALSE)) -> #VALUE! | AC4: 1 - Werkvoorbereiding | AD4: 1 | AF4: {=_xlfn._xlws.FILTER($W$4:$AA$100,$V$4:$V$100=AG2,"")}
V5: =IF(E5="","",E5) | W5: =IF(B5="","",B5) | X5: =IF(B5="","",C5) | Y5: =IF(B5="","",D5) | Z5: =IF(B5="","",IF(G5=$C$2,I5,L5)) | AA5: =IF(B5="","",VLOOKUP(S5,$AC$3:$AD$14,2,FALSE)) | AC5: 2 - Materiaal deels besteld | AD5: 2
V6: =IF(E6="","",E6) | W6: =IF(B6="","",B6) | X6: =IF(B6="","",C6) | Y6: =IF(B6="","",D6) | Z6: =IF(B6="","",IF(G6=$C$2,I6,L6)) | AA6: =IF(B6="","",VLOOKUP(S6,$AC$3:$AD$14,2,FALSE)) | AC6: 3 - Materiaal besteld | AD6: 3
V7: =IF(E7="","",E7) | W7: =IF(B7="","",B7) | X7: =IF(B7="","",C7) | Y7: =IF(B7="","",D7) | Z7: =IF(B7="","",IF(G7=$C$2,I7,L7)) | AA7: =IF(B7="","",VLOOKUP(S7,$AC$3:$AD$14,2,FALSE)) | AC7: 4 - Materiaal binnen | AD7: 4
V8: =IF(E8="","",E8) | W8: =IF(B8="","",B8) | X8: =IF(B8="","",C8) | Y8: =IF(B8="","",D8) | Z8: =IF(B8="","",IF(G8=$C$2,I8,L8)) | AA8: =IF(B8="","",VLOOKUP(S8,$AC$3:$AD$14,2,FALSE)) | AC8: 5 - Voorbereiden (Nobelweg 2B) | AD8: 5
V9: =IF(E9="","",E9) | W9: =IF(B9="","",B9) | X9: =IF(B9="","",C9) | Y9: =IF(B9="","",D9) | Z9: =IF(B9="","",IF(G9=$C$2,I9,L9)) | AA9: =IF(B9="","",VLOOKUP(S9,$AC$3:$AD$14,2,FALSE)) | AC9: 6 - In productie (Nobelweg 3) | AD9: 6
V10: =IF(E10="","",E10) | W10: =IF(B10="","",B10) | X10: =IF(B10="","",C10) | Y10: =IF(B10="","",D10) | Z10: =IF(B10="","",IF(G10=$C$2,I10,L10)) | AA10: =IF(B10="","",VLOOKUP(S10,$AC$3:$AD$14,2,FALSE)) | AC10: 7 - Klaar voor coater/verzinkerij | AD10: 7
V11: =IF(E11="","",E11) | W11: =IF(B11="","",B11) | X11: =IF(B11="","",C11) | Y11: =IF(B11="","",D11) | Z11: =IF(B11="","",IF(G11=$C$2,I11,L11)) | AA11: =IF(B11="","",VLOOKUP(S11,$AC$3:$AD$14,2,FALSE)) | AC11: 8 - Bij coater/verzinkerij | AD11: 8
V12: =IF(E12="","",E12) | W12: =IF(B12="","",B12) | X12: =IF(B12="","",C12) | Y12: =IF(B12="","",D12) | Z12: =IF(B12="","",IF(G12=$C$2,I12,L12)) | AA12: =IF(B12="","",VLOOKUP(S12,$AC$3:$AD$14,2,FALSE)) | AC12: 9 - Gereed, kan worden opgehaald | AD12: 9
V13: =IF(E13="","",E13) | W13: =IF(B13="","",B13) | X13: =IF(B13="","",C13) | Y13: =IF(B13="","",D13) | Z13: =IF(B13="","",IF(G13=$C$2,I13,L13)) | AA13: =IF(B13="","",VLOOKUP(S13,$AC$3:$AD$14,2,FALSE)) | AC13: 10 - Afgeleverd | AD13: 10
V14: =IF(E14="","",E14) | W14: =IF(B14="","",B14) | X14: =IF(B14="","",C14) | Y14: =IF(B14="","",D14) | Z14: =IF(B14="","",IF(G14=$C$2,I14,L14)) | AA14: =IF(B14="","",VLOOKUP(S14,$AC$3:$AD$14,2,FALSE)) | AC14: UITBESTEED | AD14: U
V15: =IF(E15="","",E15) | W15: =IF(B15="","",B15) | X15: =IF(B15="","",C15) | Y15: =IF(B15="","",D15) | Z15: =IF(B15="","",IF(G15=$C$2,I15,L15)) | AA15: =IF(B15="","",VLOOKUP(S15,$AC$3:$AD$14,2,FALSE)) | AF15: Totaal | AI15: =SUM(AI4:AI14) -> 0
V16: =IF(E16="","",E16) | W16: =IF(B16="","",B16) | X16: =IF(B16="","",C16) | Y16: =IF(B16="","",D16) | Z16: =IF(B16="","",IF(G16=$C$2,I16,L16)) | AA16: =IF(B16="","",VLOOKUP(S16,$AC$3:$AD$14,2,FALSE))
V17: =IF(E17="","",E17) | W17: =IF(B17="","",B17) | X17: =IF(B17="","",C17) | Y17: =IF(B17="","",D17) | Z17: =IF(B17="","",IF(G17=$C$2,I17,L17)) | AA17: =IF(B17="","",VLOOKUP(S17,$AC$3:$AD$14,2,FALSE)) | AF17: Week: | AG17: =Dashboard!U32 -> 10
V18: =IF(E18="","",E18) | W18: =IF(B18="","",B18) | X18: =IF(B18="","",C18) | Y18: =IF(B18="","",D18) | Z18: =IF(B18="","",IF(G18=$C$2,I18,L18)) | AA18: =IF(B18="","",VLOOKUP(S18,$AC$3:$AD$14,2,FALSE)) | AF18: Order: | AG18: Omschrijving | AH18: Klant: | AI18: Uren: | AJ18: Status:
V19: =IF(E19="","",E19) | W19: =IF(B19="","",B19) | X19: =IF(B19="","",C19) | Y19: =IF(B19="","",D19) | Z19: =IF(B19="","",IF(G19=$C$2,I19,L19)) | AA19: =IF(B19="","",VLOOKUP(S19,$AC$3:$AD$14,2,FALSE)) | AF19: {=_xlfn._xlws.FILTER($W$4:$AA$100,$V$4:$V$100=AG17,"")}
V20: =IF(E20="","",E20) | W20: =IF(B20="","",B20) | X20: =IF(B20="","",C20) | Y20: =IF(B20="","",D20) | Z20: =IF(B20="","",IF(G20=$C$2,I20,L20)) | AA20: =IF(B20="","",VLOOKUP(S20,$AC$3:$AD$14,2,FALSE))
V21: =IF(E21="","",E21) | W21: =IF(B21="","",B21) | X21: =IF(B21="","",C21) | Y21: =IF(B21="","",D21) | Z21: =IF(B21="","",IF(G21=$C$2,I21,L21)) | AA21: =IF(B21="","",VLOOKUP(S21,$AC$3:$AD$14,2,FALSE))
V22: =IF(E22="","",E22) | W22: =IF(B22="","",B22) | X22: =IF(B22="","",C22) | Y22: =IF(B22="","",D22) | Z22: =IF(B22="","",IF(G22=$C$2,I22,L22)) | AA22: =IF(B22="","",VLOOKUP(S22,$AC$3:$AD$14,2,FALSE))
V23: =IF(E23="","",E23) | W23: =IF(B23="","",B23) | X23: =IF(B23="","",C23) | Y23: =IF(B23="","",D23) | Z23: =IF(B23="","",IF(G23=$C$2,I23,L23)) | AA23: =IF(B23="","",VLOOKUP(S23,$AC$3:$AD$14,2,FALSE))
V24: =IF(E24="","",E24) | W24: =IF(B24="","",B24) | X24: =IF(B24="","",C24) | Y24: =IF(B24="","",D24) | Z24: =IF(B24="","",IF(G24=$C$2,I24,L24)) | AA24: =IF(B24="","",VLOOKUP(S24,$AC$3:$AD$14,2,FALSE))
V25: =IF(E25="","",E25) | W25: =IF(B25="","",B25) | X25: =IF(B25="","",C25) | Y25: =IF(B25="","",D25) | Z25: =IF(B25="","",IF(G25=$C$2,I25,L25)) | AA25: =IF(B25="","",VLOOKUP(S25,$AC$3:$AD$14,2,FALSE))
V26: =IF(E26="","",E26) | W26: =IF(B26="","",B26) | X26: =IF(B26="","",C26) | Y26: =IF(B26="","",D26) | Z26: =IF(B26="","",IF(G26=$C$2,I26,L26)) | AA26: =IF(B26="","",VLOOKUP(S26,$AC$3:$AD$14,2,FALSE))
V27: =IF(E27="","",E27) | W27: =IF(B27="","",B27) | X27: =IF(B27="","",C27) | Y27: =IF(B27="","",D27) | Z27: =IF(B27="","",IF(G27=$C$2,I27,L27)) | AA27: =IF(B27="","",VLOOKUP(S27,$AC$3:$AD$14,2,FALSE))
V28: =IF(E28="","",E28) | W28: =IF(B28="","",B28) | X28: =IF(B28="","",C28) | Y28: =IF(B28="","",D28) | Z28: =IF(B28="","",IF(G28=$C$2,I28,L28)) | AA28: =IF(B28="","",VLOOKUP(S28,$AC$3:$AD$14,2,FALSE))
V29: =IF(E29="","",E29) | W29: =IF(B29="","",B29) | X29: =IF(B29="","",C29) | Y29: =IF(B29="","",D29) | Z29: =IF(B29="","",IF(G29=$C$2,I29,L29)) | AA29: =IF(B29="","",VLOOKUP(S29,$AC$3:$AD$14,2,FALSE))
V30: =IF(E30="","",E30) | W30: =IF(B30="","",B30) | X30: =IF(B30="","",C30) | Y30: =IF(B30="","",D30) | Z30: =IF(B30="","",IF(G30=$C$2,I30,L30)) | AA30: =IF(B30="","",VLOOKUP(S30,$AC$3:$AD$14,2,FALSE)) | AF30: Totaal | AI30: =SUM(AI19:AI29) -> 0
V31: =IF(E31="","",E31) | W31: =IF(B31="","",B31) | X31: =IF(B31="","",C31) | Y31: =IF(B31="","",D31) | Z31: =IF(B31="","",IF(G31=$C$2,I31,L31)) | AA31: =IF(B31="","",VLOOKUP(S31,$AC$3:$AD$14,2,FALSE))
V32: =IF(E32="","",E32) | W32: =IF(B32="","",B32) | X32: =IF(B32="","",C32) | Y32: =IF(B32="","",D32) | Z32: =IF(B32="","",IF(G32=$C$2,I32,L32)) | AA32: =IF(B32="","",VLOOKUP(S32,$AC$3:$AD$14,2,FALSE)) | AF32: Week: | AG32: =Dashboard!AN32 -> 11
V33: =IF(E33="","",E33) | W33: =IF(B33="","",B33) | X33: =IF(B33="","",C33) | Y33: =IF(B33="","",D33) | Z33: =IF(B33="","",IF(G33=$C$2,I33,L33)) | AA33: =IF(B33="","",VLOOKUP(S33,$AC$3:$AD$14,2,FALSE)) | AF33: Order: | AG33: Omschrijving | AH33: Klant: | AI33: Uren: | AJ33: Status:
V34: =IF(E34="","",E34) | W34: =IF(B34="","",B34) | X34: =IF(B34="","",C34) | Y34: =IF(B34="","",D34) | Z34: =IF(B34="","",IF(G34=$C$2,I34,L34)) | AA34: =IF(B34="","",VLOOKUP(S34,$AC$3:$AD$14,2,FALSE)) | AF34: {=_xlfn._xlws.FILTER($W$4:$AA$100,$V$4:$V$100=AG32,"")}
V35: =IF(E35="","",E35) | W35: =IF(B35="","",B35) | X35: =IF(B35="","",C35) | Y35: =IF(B35="","",D35) | Z35: =IF(B35="","",IF(G35=$C$2,I35,L35)) | AA35: =IF(B35="","",VLOOKUP(S35,$AC$3:$AD$14,2,FALSE))
V36: =IF(E36="","",E36) | W36: =IF(B36="","",B36) | X36: =IF(B36="","",C36) | Y36: =IF(B36="","",D36) | Z36: =IF(B36="","",IF(G36=$C$2,I36,L36)) | AA36: =IF(B36="","",VLOOKUP(S36,$AC$3:$AD$14,2,FALSE))
V37: =IF(E37="","",E37) | W37: =IF(B37="","",B37) | X37: =IF(B37="","",C37) | Y37: =IF(B37="","",D37) | Z37: =IF(B37="","",IF(G37=$C$2,I37,L37)) | AA37: =IF(B37="","",VLOOKUP(S37,$AC$3:$AD$14,2,FALSE))
V38: =IF(E38="","",E38) | W38: =IF(B38="","",B38) | X38: =IF(B38="","",C38) | Y38: =IF(B38="","",D38) | Z38: =IF(B38="","",IF(G38=$C$2,I38,L38)) | AA38: =IF(B38="","",VLOOKUP(S38,$AC$3:$AD$14,2,FALSE))
V39: =IF(E39="","",E39) | W39: =IF(B39="","",B39) | X39: =IF(B39="","",C39) | Y39: =IF(B39="","",D39) | Z39: =IF(B39="","",IF(G39=$C$2,I39,L39)) | AA39: =IF(B39="","",VLOOKUP(S39,$AC$3:$AD$14,2,FALSE))
V40: =IF(E40="","",E40) | W40: =IF(B40="","",B40) | X40: =IF(B40="","",C40) | Y40: =IF(B40="","",D40) | Z40: =IF(B40="","",IF(G40=$C$2,I40,L40)) | AA40: =IF(B40="","",VLOOKUP(S40,$AC$3:$AD$14,2,FALSE))
V41: =IF(E41="","",E41) | W41: =IF(B41="","",B41) | X41: =IF(B41="","",C41) | Y41: =IF(B41="","",D41) | Z41: =IF(B41="","",IF(G41=$C$2,I41,L41)) | AA41: =IF(B41="","",VLOOKUP(S41,$AC$3:$AD$14,2,FALSE))
V42: =IF(E42="","",E42) | W42: =IF(B42="","",B42) | X42: =IF(B42="","",C42) | Y42: =IF(B42="","",D42) | Z42: =IF(B42="","",IF(G42=$C$2,I42,L42)) | AA42: =IF(B42="","",VLOOKUP(S42,$AC$3:$AD$14,2,FALSE))
V43: =IF(E43="","",E43) | W43: =IF(B43="","",B43) | X43: =IF(B43="","",C43) | Y43: =IF(B43="","",D43) | Z43: =IF(B43="","",IF(G43=$C$2,I43,L43)) | AA43: =IF(B43="","",VLOOKUP(S43,$AC$3:$AD$14,2,FALSE))
V44: =IF(E44="","",E44) | W44: =IF(B44="","",B44) | X44: =IF(B44="","",C44) | Y44: =IF(B44="","",D44) | Z44: =IF(B44="","",IF(G44=$C$2,I44,L44)) | AA44: =IF(B44="","",VLOOKUP(S44,$AC$3:$AD$14,2,FALSE))
V45: =IF(E45="","",E45) | W45: =IF(B45="","",B45) | X45: =IF(B45="","",C45) | Y45: =IF(B45="","",D45) | Z45: =IF(B45="","",IF(G45=$C$2,I45,L45)) | AA45: =IF(B45="","",VLOOKUP(S45,$AC$3:$AD$14,2,FALSE)) | AF45: Totaal | AI45: =SUM(AI34:AI44) -> 0
V46: =IF(E46="","",E46) | W46: =IF(B46="","",B46) | X46: =IF(B46="","",C46) | Y46: =IF(B46="","",D46) | Z46: =IF(B46="","",IF(G46=$C$2,I46,L46)) | AA46: =IF(B46="","",VLOOKUP(S46,$AC$3:$AD$14,2,FALSE))
V47: =IF(E47="","",E47) | W47: =IF(B47="","",B47) | X47: =IF(B47="","",C47) | Y47: =IF(B47="","",D47) | Z47: =IF(B47="","",IF(G47=$C$2,I47,L47)) | AA47: =IF(B47="","",VLOOKUP(S47,$AC$3:$AD$14,2,FALSE))
V48: =IF(E48="","",E48) | W48: =IF(B48="","",B48) | X48: =IF(B48="","",C48) | Y48: =IF(B48="","",D48) | Z48: =IF(B48="","",IF(G48=$C$2,I48,L48)) | AA48: =IF(B48="","",VLOOKUP(S48,$AC$3:$AD$14,2,FALSE))
V49: =IF(E49="","",E49) | W49: =IF(B49="","",B49) | X49: =IF(B49="","",C49) | Y49: =IF(B49="","",D49) | Z49: =IF(B49="","",IF(G49=$C$2,I49,L49)) | AA49: =IF(B49="","",VLOOKUP(S49,$AC$3:$AD$14,2,FALSE))
V50: =IF(E50="","",E50) | W50: =IF(B50="","",B50) | X50: =IF(B50="","",C50) | Y50: =IF(B50="","",D50) | Z50: =IF(B50="","",IF(G50=$C$2,I50,L50)) | AA50: =IF(B50="","",VLOOKUP(S50,$AC$3:$AD$14,2,FALSE))
V51: =IF(E51="","",E51) | W51: =IF(B51="","",B51) | X51: =IF(B51="","",C51) | Y51: =IF(B51="","",D51) | Z51: =IF(B51="","",IF(G51=$C$2,I51,L51)) | AA51: =IF(B51="","",VLOOKUP(S51,$AC$3:$AD$14,2,FALSE))
V52: =IF(E52="","",E52) | W52: =IF(B52="","",B52) | X52: =IF(B52="","",C52) | Y52: =IF(B52="","",D52) | Z52: =IF(B52="","",IF(G52=$C$2,I52,L52)) | AA52: =IF(B52="","",VLOOKUP(S52,$AC$3:$AD$14,2,FALSE))
V53: =IF(E53="","",E53) | W53: =IF(B53="","",B53) | X53: =IF(B53="","",C53) | Y53: =IF(B53="","",D53) | Z53: =IF(B53="","",IF(G53=$C$2,I53,L53)) | AA53: =IF(B53="","",VLOOKUP(S53,$AC$3:$AD$14,2,FALSE))
V54: =IF(E54="","",E54) | W54: =IF(B54="","",B54) | X54: =IF(B54="","",C54) | Y54: =IF(B54="","",D54) | Z54: =IF(B54="","",IF(G54=$C$2,I54,L54)) | AA54: =IF(B54="","",VLOOKUP(S54,$AC$3:$AD$14,2,FALSE))
V55: =IF(E55="","",E55) | W55: =IF(B55="","",B55) | X55: =IF(B55="","",C55) | Y55: =IF(B55="","",D55) | Z55: =IF(B55="","",IF(G55=$C$2,I55,L55)) | AA55: =IF(B55="","",VLOOKUP(S55,$AC$3:$AD$14,2,FALSE))
V56: =IF(E56="","",E56) | W56: =IF(B56="","",B56) | X56: =IF(B56="","",C56) | Y56: =IF(B56="","",D56) | Z56: =IF(B56="","",IF(G56=$C$2,I56,L56)) | AA56: =IF(B56="","",VLOOKUP(S56,$AC$3:$AD$14,2,FALSE))
V57: =IF(E57="","",E57) | W57: =IF(B57="","",B57) | X57: =IF(B57="","",C57) | Y57: =IF(B57="","",D57) | Z57: =IF(B57="","",IF(G57=$C$2,I57,L57)) | AA57: =IF(B57="","",VLOOKUP(S57,$AC$3:$AD$14,2,FALSE))
... V100: =IF(E100="","",E100) | W100: =IF(B100="","",B100) | X100: =IF(B100="","",C100) | Y100: =IF(B100="","",D100) | Z100: =IF(B100="","",IF(G100=$C$2,I100,L100)) | AA100: =IF(B100="","",VLOOKUP(S100,$AC$3:$AD$14,2,FALSE))

Sheet Ber. Planning Tomasz F
B2: Medewerker: | C2: Tomasz F | AC2: Omrekening status: | AF2: Week: | AG2: =Dashboard!E32 -> 9
B3: Ordernummer: | C3: Omschrijving: | D3: Klant: | E3: Week: | F3: Totale uren: | G3: Medewerker 1: | H3: % uren 1: | I3: Uren 1: | J3: Medewerker 2: | K3: % uren 2: | L3: Uren 2: | M3: Medewerker 3: | N3: % uren 3: | O3: Uren 3: | P3: Controle % | Q3: Datum coater/verzinkerij: | R3: Datum gereed: | S3: Status: | T3: Hulpmaterialen: | V3: Week: | W3: Order: | X3: Omschrijving | Y3: Klant: | Z3: Uren: | AA3: Status: | AC3: Status: | AD3: Nummer: | AF3: Order: | AG3: Omschrijving | AH3: Klant: | AI3: Uren: | AJ3: Status:
B4: {=_xlfn._xlws.FILTER('Ber. Planning Totaal'!B4:T1000,('Ber. Planning Totaal'!G4:G1000=C2)+('Ber. Planning Totaal'!J4:J1000=C2)+('Ber. Planning Totaal'!M4:M1000=C2))} -> #VALUE! | V4: =IF(E4="","",E4) | W4: =IF(B4="","",B4) -> #VALUE! | X4: =IF(B4="","",C4) -> #VALUE! | Y4: =IF(B4="","",D4) -> #VALUE! | Z4: =IF(B4="","",IF(G4=$C$2,I4,L4)) -> #VALUE! | AA4: =IF(B4="","",VLOOKUP(S4,$AC$3:$AD$14,2,FALSE)) -> #VALUE! | AC4: 1 - Werkvoorbereiding | AD4: 1 | AF4: {=_xlfn._xlws.FILTER($W$4:$AA$100,$V$4:$V$100=AG2,"")}
V5: =IF(E5="","",E5) | W5: =IF(B5="","",B5) | X5: =IF(B5="","",C5) | Y5: =IF(B5="","",D5) | Z5: =IF(B5="","",IF(G5=$C$2,I5,L5)) | AA5: =IF(B5="","",VLOOKUP(S5,$AC$3:$AD$14,2,FALSE)) | AC5: 2 - Materiaal deels besteld | AD5: 2
V6: =IF(E6="","",E6) | W6: =IF(B6="","",B6) | X6: =IF(B6="","",C6) | Y6: =IF(B6="","",D6) | Z6: =IF(B6="","",IF(G6=$C$2,I6,L6)) | AA6: =IF(B6="","",VLOOKUP(S6,$AC$3:$AD$14,2,FALSE)) | AC6: 3 - Materiaal besteld | AD6: 3
V7: =IF(E7="","",E7) | W7: =IF(B7="","",B7) | X7: =IF(B7="","",C7) | Y7: =IF(B7="","",D7) | Z7: =IF(B7="","",IF(G7=$C$2,I7,L7)) | AA7: =IF(B7="","",VLOOKUP(S7,$AC$3:$AD$14,2,FALSE)) | AC7: 4 - Materiaal binnen | AD7: 4
V8: =IF(E8="","",E8) | W8: =IF(B8="","",B8) | X8: =IF(B8="","",C8) | Y8: =IF(B8="","",D8) | Z8: =IF(B8="","",IF(G8=$C$2,I8,L8)) | AA8: =IF(B8="","",VLOOKUP(S8,$AC$3:$AD$14,2,FALSE)) | AC8: 5 - Voorbereiden (Nobelweg 2B) | AD8: 5
V9: =IF(E9="","",E9) | W9: =IF(B9="","",B9) | X9: =IF(B9="","",C9) | Y9: =IF(B9="","",D9) | Z9: =IF(B9="","",IF(G9=$C$2,I9,L9)) | AA9: =IF(B9="","",VLOOKUP(S9,$AC$3:$AD$14,2,FALSE)) | AC9: 6 - In productie (Nobelweg 3) | AD9: 6
V10: =IF(E10="","",E10) | W10: =IF(B10="","",B10) | X10: =IF(B10="","",C10) | Y10: =IF(B10="","",D10) | Z10: =IF(B10="","",IF(G10=$C$2,I10,L10)) | AA10: =IF(B10="","",VLOOKUP(S10,$AC$3:$AD$14,2,FALSE)) | AC10: 7 - Klaar voor coater/verzinkerij | AD10: 7
V11: =IF(E11="","",E11) | W11: =IF(B11="","",B11) | X11: =IF(B11="","",C11) | Y11: =IF(B11="","",D11) | Z11: =IF(B11="","",IF(G11=$C$2,I11,L11)) | AA11: =IF(B11="","",VLOOKUP(S11,$AC$3:$AD$14,2,FALSE)) | AC11: 8 - Bij coater/verzinkerij | AD11: 8
V12: =IF(E12="","",E12) | W12: =IF(B12="","",B12) | X12: =IF(B12="","",C12) | Y12: =IF(B12="","",D12) | Z12: =IF(B12="","",IF(G12=$C$2,I12,L12)) | AA12: =IF(B12="","",VLOOKUP(S12,$AC$3:$AD$14,2,FALSE)) | AC12: 9 - Gereed, kan worden opgehaald | AD12: 9
V13: =IF(E13="","",E13) | W13: =IF(B13="","",B13) | X13: =IF(B13="","",C13) | Y13: =IF(B13="","",D13) | Z13: =IF(B13="","",IF(G13=$C$2,I13,L13)) | AA13: =IF(B13="","",VLOOKUP(S13,$AC$3:$AD$14,2,FALSE)) | AC13: 10 - Afgeleverd | AD13: 10
V14: =IF(E14="","",E14) | W14: =IF(B14="","",B14) | X14: =IF(B14="","",C14) | Y14: =IF(B14="","",D14) | Z14: =IF(B14="","",IF(G14=$C$2,I14,L14)) | AA14: =IF(B14="","",VLOOKUP(S14,$AC$3:$AD$14,2,FALSE)) | AC14: UITBESTEED | AD14: U
V15: =IF(E15="","",E15) | W15: =IF(B15="","",B15) | X15: =IF(B15="","",C15) | Y15: =IF(B15="","",D15) | Z15: =IF(B15="","",IF(G15=$C$2,I15,L15)) | AA15: =IF(B15="","",VLOOKUP(S15,$AC$3:$AD$14,2,FALSE)) | AF15: Totaal | AI15: =SUM(AI4:AI14) -> 0
V16: =IF(E16="","",E16) | W16: =IF(B16="","",B16) | X16: =IF(B16="","",C16) | Y16: =IF(B16="","",D16) | Z16: =IF(B16="","",IF(G16=$C$2,I16,L16)) | AA16: =IF(B16="","",VLOOKUP(S16,$AC$3:$AD$14,2,FALSE))
V17: =IF(E17="","",E17) | W17: =IF(B17="","",B17) | X17: =IF(B17="","",C17) | Y17: =IF(B17="","",D17) | Z17: =IF(B17="","",IF(G17=$C$2,I17,L17)) | AA17: =IF(B17="","",VLOOKUP(S17,$AC$3:$AD$14,2,FALSE)) | AF17: Week: | AG17: =Dashboard!U32 -> 10
V18: =IF(E18="","",E18) | W18: =IF(B18="","",B18) | X18: =IF(B18="","",C18) | Y18: =IF(B18="","",D18) | Z18: =IF(B18="","",IF(G18=$C$2,I18,L18)) | AA18: =IF(B18="","",VLOOKUP(S18,$AC$3:$AD$14,2,FALSE)) | AF18: Order: | AG18: Omschrijving | AH18: Klant: | AI18: Uren: | AJ18: Status:
V19: =IF(E19="","",E19) | W19: =IF(B19="","",B19) | X19: =IF(B19="","",C19) | Y19: =IF(B19="","",D19) | Z19: =IF(B19="","",IF(G19=$C$2,I19,L19)) | AA19: =IF(B19="","",VLOOKUP(S19,$AC$3:$AD$14,2,FALSE)) | AF19: {=_xlfn._xlws.FILTER($W$4:$AA$100,$V$4:$V$100=AG17,"")}
V20: =IF(E20="","",E20) | W20: =IF(B20="","",B20) | X20: =IF(B20="","",C20) | Y20: =IF(B20="","",D20) | Z20: =IF(B20="","",IF(G20=$C$2,I20,L20)) | AA20: =IF(B20="","",VLOOKUP(S20,$AC$3:$AD$14,2,FALSE))
V21: =IF(E21="","",E21) | W21: =IF(B21="","",B21) | X21: =IF(B21="","",C21) | Y21: =IF(B21="","",D21) | Z21: =IF(B21="","",IF(G21=$C$2,I21,L21)) | AA21: =IF(B21="","",VLOOKUP(S21,$AC$3:$AD$14,2,FALSE))
V22: =IF(E22="","",E22) | W22: =IF(B22="","",B22) | X22: =IF(B22="","",C22) | Y22: =IF(B22="","",D22) | Z22: =IF(B22="","",IF(G22=$C$2,I22,L22)) | AA22: =IF(B22="","",VLOOKUP(S22,$AC$3:$AD$14,2,FALSE))
V23: =IF(E23="","",E23) | W23: =IF(B23="","",B23) | X23: =IF(B23="","",C23) | Y23: =IF(B23="","",D23) | Z23: =IF(B23="","",IF(G23=$C$2,I23,L23)) | AA23: =IF(B23="","",VLOOKUP(S23,$AC$3:$AD$14,2,FALSE))
V24: =IF(E24="","",E24) | W24: =IF(B24="","",B24) | X24: =IF(B24="","",C24) | Y24: =IF(B24="","",D24) | Z24: =IF(B24="","",IF(G24=$C$2,I24,L24)) | AA24: =IF(B24="","",VLOOKUP(S24,$AC$3:$AD$14,2,FALSE))
V25: =IF(E25="","",E25) | W25: =IF(B25="","",B25) | X25: =IF(B25="","",C25) | Y25: =IF(B25="","",D25) | Z25: =IF(B25="","",IF(G25=$C$2,I25,L25)) | AA25: =IF(B25="","",VLOOKUP(S25,$AC$3:$AD$14,2,FALSE))
V26: =IF(E26="","",E26) | W26: =IF(B26="","",B26) | X26: =IF(B26="","",C26) | Y26: =IF(B26="","",D26) | Z26: =IF(B26="","",IF(G26=$C$2,I26,L26)) | AA26: =IF(B26="","",VLOOKUP(S26,$AC$3:$AD$14,2,FALSE))
V27: =IF(E27="","",E27) | W27: =IF(B27="","",B27) | X27: =IF(B27="","",C27) | Y27: =IF(B27="","",D27) | Z27: =IF(B27="","",IF(G27=$C$2,I27,L27)) | AA27: =IF(B27="","",VLOOKUP(S27,$AC$3:$AD$14,2,FALSE))
V28: =IF(E28="","",E28) | W28: =IF(B28="","",B28) | X28: =IF(B28="","",C28) | Y28: =IF(B28="","",D28) | Z28: =IF(B28="","",IF(G28=$C$2,I28,L28)) | AA28: =IF(B28="","",VLOOKUP(S28,$AC$3:$AD$14,2,FALSE))
V29: =IF(E29="","",E29) | W29: =IF(B29="","",B29) | X29: =IF(B29="","",C29) | Y29: =IF(B29="","",D29) | Z29: =IF(B29="","",IF(G29=$C$2,I29,L29)) | AA29: =IF(B29="","",VLOOKUP(S29,$AC$3:$AD$14,2,FALSE))
V30: =IF(E30="","",E30) | W30: =IF(B30="","",B30) | X30: =IF(B30="","",C30) | Y30: =IF(B30="","",D30) | Z30: =IF(B30="","",IF(G30=$C$2,I30,L30)) | AA30: =IF(B30="","",VLOOKUP(S30,$AC$3:$AD$14,2,FALSE)) | AF30: Totaal | AI30: =SUM(AI19:AI29) -> 0
V31: =IF(E31="","",E31) | W31: =IF(B31="","",B31) | X31: =IF(B31="","",C31) | Y31: =IF(B31="","",D31) | Z31: =IF(B31="","",IF(G31=$C$2,I31,L31)) | AA31: =IF(B31="","",VLOOKUP(S31,$AC$3:$AD$14,2,FALSE))
V32: =IF(E32="","",E32) | W32: =IF(B32="","",B32) | X32: =IF(B32="","",C32) | Y32: =IF(B32="","",D32) | Z32: =IF(B32="","",IF(G32=$C$2,I32,L32)) | AA32: =IF(B32="","",VLOOKUP(S32,$AC$3:$AD$14,2,FALSE)) | AF32: Week: | AG32: =Dashboard!AN32 -> 11
V33: =IF(E33="","",E33) | W33: =IF(B33="","",B33) | X33: =IF(B33="","",C33) | Y33: =IF(B33="","",D33) | Z33: =IF(B33="","",IF(G33=$C$2,I33,L33)) | AA33: =IF(B33="","",VLOOKUP(S33,$AC$3:$AD$14,2,FALSE)) | AF33: Order: | AG33: Omschrijving | AH33: Klant: | AI33: Uren: | AJ33: Status:
V34: =IF(E34="","",E34) | W34: =IF(B34="","",B34) | X34: =IF(B34="","",C34) | Y34: =IF(B34="","",D34) | Z34: =IF(B34="","",IF(G34=$C$2,I34,L34)) | AA34: =IF(B34="","",VLOOKUP(S34,$AC$3:$AD$14,2,FALSE)) | AF34: {=_xlfn._xlws.FILTER($W$4:$AA$100,$V$4:$V$100=AG32,"")}
V35: =IF(E35="","",E35) | W35: =IF(B35="","",B35) | X35: =IF(B35="","",C35) | Y35: =IF(B35="","",D35) | Z35: =IF(B35="","",IF(G35=$C$2,I35,L35)) | AA35: =IF(B35="","",VLOOKUP(S35,$AC$3:$AD$14,2,FALSE))
V36: =IF(E36="","",E36) | W36: =IF(B36="","",B36) | X36: =IF(B36="","",C36) | Y36: =IF(B36="","",D36) | Z36: =IF(B36="","",IF(G36=$C$2,I36,L36)) | AA36: =IF(B36="","",VLOOKUP(S36,$AC$3:$AD$14,2,FALSE))
V37: =IF(E37="","",E37) | W37: =IF(B37="","",B37) | X37: =IF(B37="","",C37) | Y37: =IF(B37="","",D37) | Z37: =IF(B37="","",IF(G37=$C$2,I37,L37)) | AA37: =IF(B37="","",VLOOKUP(S37,$AC$3:$AD$14,2,FALSE))
V38: =IF(E38="","",E38) | W38: =IF(B38="","",B38) | X38: =IF(B38="","",C38) | Y38: =IF(B38="","",D38) | Z38: =IF(B38="","",IF(G38=$C$2,I38,L38)) | AA38: =IF(B38="","",VLOOKUP(S38,$AC$3:$AD$14,2,FALSE))
V39: =IF(E39="","",E39) | W39: =IF(B39="","",B39) | X39: =IF(B39="","",C39) | Y39: =IF(B39="","",D39) | Z39: =IF(B39="","",IF(G39=$C$2,I39,L39)) | AA39: =IF(B39="","",VLOOKUP(S39,$AC$3:$AD$14,2,FALSE))
V40: =IF(E40="","",E40) | W40: =IF(B40="","",B40) | X40: =IF(B40="","",C40) | Y40: =IF(B40="","",D40) | Z40: =IF(B40="","",IF(G40=$C$2,I40,L40)) | AA40: =IF(B40="","",VLOOKUP(S40,$AC$3:$AD$14,2,FALSE))
V41: =IF(E41="","",E41) | W41: =IF(B41="","",B41) | X41: =IF(B41="","",C41) | Y41: =IF(B41="","",D41) | Z41: =IF(B41="","",IF(G41=$C$2,I41,L41)) | AA41: =IF(B41="","",VLOOKUP(S41,$AC$3:$AD$14,2,FALSE))
V42: =IF(E42="","",E42) | W42: =IF(B42="","",B42) | X42: =IF(B42="","",C42) | Y42: =IF(B42="","",D42) | Z42: =IF(B42="","",IF(G42=$C$2,I42,L42)) | AA42: =IF(B42="","",VLOOKUP(S42,$AC$3:$AD$14,2,FALSE))
V43: =IF(E43="","",E43) | W43: =IF(B43="","",B43) | X43: =IF(B43="","",C43) | Y43: =IF(B43="","",D43) | Z43: =IF(B43="","",IF(G43=$C$2,I43,L43)) | AA43: =IF(B43="","",VLOOKUP(S43,$AC$3:$AD$14,2,FALSE))
V44: =IF(E44="","",E44) | W44: =IF(B44="","",B44) | X44: =IF(B44="","",C44) | Y44: =IF(B44="","",D44) | Z44: =IF(B44="","",IF(G44=$C$2,I44,L44)) | AA44: =IF(B44="","",VLOOKUP(S44,$AC$3:$AD$14,2,FALSE))
V45: =IF(E45="","",E45) | W45: =IF(B45="","",B45) | X45: =IF(B45="","",C45) | Y45: =IF(B45="","",D45) | Z45: =IF(B45="","",IF(G45=$C$2,I45,L45)) | AA45: =IF(B45="","",VLOOKUP(S45,$AC$3:$AD$14,2,FALSE)) | AF45: Totaal | AI45: =SUM(AI34:AI44) -> 0
V46: =IF(E46="","",E46) | W46: =IF(B46="","",B46) | X46: =IF(B46="","",C46) | Y46: =IF(B46="","",D46) | Z46: =IF(B46="","",IF(G46=$C$2,I46,L46)) | AA46: =IF(B46="","",VLOOKUP(S46,$AC$3:$AD$14,2,FALSE))
V47: =IF(E47="","",E47) | W47: =IF(B47="","",B47) | X47: =IF(B47="","",C47) | Y47: =IF(B47="","",D47) | Z47: =IF(B47="","",IF(G47=$C$2,I47,L47)) | AA47: =IF(B47="","",VLOOKUP(S47,$AC$3:$AD$14,2,FALSE))
V48: =IF(E48="","",E48) | W48: =IF(B48="","",B48) | X48: =IF(B48="","",C48) | Y48: =IF(B48="","",D48) | Z48: =IF(B48="","",IF(G48=$C$2,I48,L48)) | AA48: =IF(B48="","",VLOOKUP(S48,$AC$3:$AD$14,2,FALSE))
V49: =IF(E49="","",E49) | W49: =IF(B49="","",B49) | X49: =IF(B49="","",C49) | Y49: =IF(B49="","",D49) | Z49: =IF(B49="","",IF(G49=$C$2,I49,L49)) | AA49: =IF(B49="","",VLOOKUP(S49,$AC$3:$AD$14,2,FALSE))
V50: =IF(E50="","",E50) | W50: =IF(B50="","",B50) | X50: =IF(B50="","",C50) | Y50: =IF(B50="","",D50) | Z50: =IF(B50="","",IF(G50=$C$2,I50,L50)) | AA50: =IF(B50="","",VLOOKUP(S50,$AC$3:$AD$14,2,FALSE))
V51: =IF(E51="","",E51) | W51: =IF(B51="","",B51) | X51: =IF(B51="","",C51) | Y51: =IF(B51="","",D51) | Z51: =IF(B51="","",IF(G51=$C$2,I51,L51)) | AA51: =IF(B51="","",VLOOKUP(S51,$AC$3:$AD$14,2,FALSE))
V52: =IF(E52="","",E52) | W52: =IF(B52="","",B52) | X52: =IF(B52="","",C52) | Y52: =IF(B52="","",D52) | Z52: =IF(B52="","",IF(G52=$C$2,I52,L52)) | AA52: =IF(B52="","",VLOOKUP(S52,$AC$3:$AD$14,2,FALSE))
V53: =IF(E53="","",E53) | W53: =IF(B53="","",B53) | X53: =IF(B53="","",C53) | Y53: =IF(B53="","",D53) | Z53: =IF(B53="","",IF(G53=$C$2,I53,L53)) | AA53: =IF(B53="","",VLOOKUP(S53,$AC$3:$AD$14,2,FALSE))
V54: =IF(E54="","",E54) | W54: =IF(B54="","",B54) | X54: =IF(B54="","",C54) | Y54: =IF(B54="","",D54) | Z54: =IF(B54="","",IF(G54=$C$2,I54,L54)) | AA54: =IF(B54="","",VLOOKUP(S54,$AC$3:$AD$14,2,FALSE))
V55: =IF(E55="","",E55) | W55: =IF(B55="","",B55) | X55: =IF(B55="","",C55) | Y55: =IF(B55="","",D55) | Z55: =IF(B55="","",IF(G55=$C$2,I55,L55)) | AA55: =IF(B55="","",VLOOKUP(S55,$AC$3:$AD$14,2,FALSE))
V56: =IF(E56="","",E56) | W56: =IF(B56="","",B56) | X56: =IF(B56="","",C56) | Y56: =IF(B56="","",D56) | Z56: =IF(B56="","",IF(G56=$C$2,I56,L56)) | AA56: =IF(B56="","",VLOOKUP(S56,$AC$3:$AD$14,2,FALSE))
V57: =IF(E57="","",E57) | W57: =IF(B57="","",B57) | X57: =IF(B57="","",C57) | Y57: =IF(B57="","",D57) | Z57: =IF(B57="","",IF(G57=$C$2,I57,L57)) | AA57: =IF(B57="","",VLOOKUP(S57,$AC$3:$AD$14,2,FALSE))
... V100: =IF(E100="","",E100) | W100: =IF(B100="","",B100) | X100: =IF(B100="","",C100) | Y100: =IF(B100="","",D100) | Z100: =IF(B100="","",IF(G100=$C$2,I100,L100)) | AA100: =IF(B100="","",VLOOKUP(S100,$AC$3:$AD$14,2,FALSE))

Sheet Ber. Planning Mark
B2: Medewerker: | C2: Mark | AC2: Omrekening status: | AF2: Week: | AG2: =Dashboard!E32 -> 9
B3: Ordernummer: | C3: Omschrijving: | D3: Klant: | E3: Week: | F3: Totale uren: | G3: Medewerker 1: | H3: % uren 1: | I3: Uren 1: | J3: Medewerker 2: | K3: % uren 2: | L3: Uren 2: | M3: Medewerker 3: | N3: % uren 3: | O3: Uren 3: | P3: Controle % | Q3: Datum coater/verzinkerij: | R3: Datum gereed: | S3: Status: | T3: Hulpmaterialen: | V3: Week: | W3: Order: | X3: Omschrijving | Y3: Klant: | Z3: Uren: | AA3: Status: | AC3: Status: | AD3: Nummer: | AF3: Order: | AG3: Omschrijving | AH3: Klant: | AI3: Uren: | AJ3: Status:
B4: {=_xlfn._xlws.FILTER('Ber. Planning Totaal'!B4:T1000,('Ber. Planning Totaal'!G4:G1000=C2)+('Ber. Planning Totaal'!J4:J1000=C2)+('Ber. Planning Totaal'!M4:M1000=C2))} -> #VALUE! | V4: =IF(E4="","",E4) | W4: =IF(B4="","",B4) -> #VALUE! | X4: =IF(B4="","",C4) -> #VALUE! | Y4: =IF(B4="","",D4) -> #VALUE! | Z4: =IF(B4="","",IF(G4=$C$2,I4,L4)) -> #VALUE! | AA4: =IF(B4="","",VLOOKUP(S4,$AC$3:$AD$14,2,FALSE)) -> #VALUE! | AC4: 1 - Werkvoorbereiding | AD4: 1 | AF4: {=_xlfn._xlws.FILTER($W$4:$AA$100,$V$4:$V$100=AG2,"")}
V5: =IF(E5="","",E5) | W5: =IF(B5="","",B5) | X5: =IF(B5="","",C5) | Y5: =IF(B5="","",D5) | Z5: =IF(B5="","",IF(G5=$C$2,I5,L5)) | AA5: =IF(B5="","",VLOOKUP(S5,$AC$3:$AD$14,2,FALSE)) | AC5: 2 - Materiaal deels besteld | AD5: 2
V6: =IF(E6="","",E6) | W6: =IF(B6="","",B6) | X6: =IF(B6="","",C6) | Y6: =IF(B6="","",D6) | Z6: =IF(B6="","",IF(G6=$C$2,I6,L6)) | AA6: =IF(B6="","",VLOOKUP(S6,$AC$3:$AD$14,2,FALSE)) | AC6: 3 - Materiaal besteld | AD6: 3
V7: =IF(E7="","",E7) | W7: =IF(B7="","",B7) | X7: =IF(B7="","",C7) | Y7: =IF(B7="","",D7) | Z7: =IF(B7="","",IF(G7=$C$2,I7,L7)) | AA7: =IF(B7="","",VLOOKUP(S7,$AC$3:$AD$14,2,FALSE)) | AC7: 4 - Materiaal binnen | AD7: 4
V8: =IF(E8="","",E8) | W8: =IF(B8="","",B8) | X8: =IF(B8="","",C8) | Y8: =IF(B8="","",D8) | Z8: =IF(B8="","",IF(G8=$C$2,I8,L8)) | AA8: =IF(B8="","",VLOOKUP(S8,$AC$3:$AD$14,2,FALSE)) | AC8: 5 - Voorbereiden (Nobelweg 2B) | AD8: 5
V9: =IF(E9="","",E9) | W9: =IF(B9="","",B9) | X9: =IF(B9="","",C9) | Y9: =IF(B9="","",D9) | Z9: =IF(B9="","",IF(G9=$C$2,I9,L9)) | AA9: =IF(B9="","",VLOOKUP(S9,$AC$3:$AD$14,2,FALSE)) | AC9: 6 - In productie (Nobelweg 3) | AD9: 6
V10: =IF(E10="","",E10) | W10: =IF(B10="","",B10) | X10: =IF(B10="","",C10) | Y10: =IF(B10="","",D10) | Z10: =IF(B10="","",IF(G10=$C$2,I10,L10)) | AA10: =IF(B10="","",VLOOKUP(S10,$AC$3:$AD$14,2,FALSE)) | AC10: 7 - Klaar voor coater/verzinkerij | AD10: 7
V11: =IF(E11="","",E11) | W11: =IF(B11="","",B11) | X11: =IF(B11="","",C11) | Y11: =IF(B11="","",D11) | Z11: =IF(B11="","",IF(G11=$C$2,I11,L11)) | AA11: =IF(B11="","",VLOOKUP(S11,$AC$3:$AD$14,2,FALSE)) | AC11: 8 - Bij coater/verzinkerij | AD11: 8
V12: =IF(E12="","",E12) | W12: =IF(B12="","",B12) | X12: =IF(B12="","",C12) | Y12: =IF(B12="","",D12) | Z12: =IF(B12="","",IF(G12=$C$2,I12,L12)) | AA12: =IF(B12="","",VLOOKUP(S12,$AC$3:$AD$14,2,FALSE)) | AC12: 9 - Gereed, kan worden opgehaald | AD12: 9
V13: =IF(E13="","",E13) | W13: =IF(B13="","",B13) | X13: =IF(B13="","",C13) | Y13: =IF(B13="","",D13) | Z13: =IF(B13="","",IF(G13=$C$2,I13,L13)) | AA13: =IF(B13="","",VLOOKUP(S13,$AC$3:$AD$14,2,FALSE)) | AC13: 10 - Afgeleverd | AD13: 10
V14: =IF(E14="","",E14) | W14: =IF(B14="","",B14) | X14: =IF(B14="","",C14) | Y14: =IF(B14="","",D14) | Z14: =IF(B14="","",IF(G14=$C$2,I14,L14)) | AA14: =IF(B14="","",VLOOKUP(S14,$AC$3:$AD$14,2,FALSE)) | AC14: UITBESTEED | AD14: U
V15: =IF(E15="","",E15) | W15: =IF(B15="","",B15) | X15: =IF(B15="","",C15) | Y15: =IF(B15="","",D15) | Z15: =IF(B15="","",IF(G15=$C$2,I15,L15)) | AA15: =IF(B15="","",VLOOKUP(S15,$AC$3:$AD$14,2,FALSE)) | AF15: Totaal | AI15: =SUM(AI4:AI14) -> 0
V16: =IF(E16="","",E16) | W16: =IF(B16="","",B16) | X16: =IF(B16="","",C16) | Y16: =IF(B16="","",D16) | Z16: =IF(B16="","",IF(G16=$C$2,I16,L16)) | AA16: =IF(B16="","",VLOOKUP(S16,$AC$3:$AD$14,2,FALSE))
V17: =IF(E17="","",E17) | W17: =IF(B17="","",B17) | X17: =IF(B17="","",C17) | Y17: =IF(B17="","",D17) | Z17: =IF(B17="","",IF(G17=$C$2,I17,L17)) | AA17: =IF(B17="","",VLOOKUP(S17,$AC$3:$AD$14,2,FALSE)) | AF17: Week: | AG17: =Dashboard!U32 -> 10
V18: =IF(E18="","",E18) | W18: =IF(B18="","",B18) | X18: =IF(B18="","",C18) | Y18: =IF(B18="","",D18) | Z18: =IF(B18="","",IF(G18=$C$2,I18,L18)) | AA18: =IF(B18="","",VLOOKUP(S18,$AC$3:$AD$14,2,FALSE)) | AF18: Order: | AG18: Omschrijving | AH18: Klant: | AI18: Uren: | AJ18: Status:
V19: =IF(E19="","",E19) | W19: =IF(B19="","",B19) | X19: =IF(B19="","",C19) | Y19: =IF(B19="","",D19) | Z19: =IF(B19="","",IF(G19=$C$2,I19,L19)) | AA19: =IF(B19="","",VLOOKUP(S19,$AC$3:$AD$14,2,FALSE)) | AF19: {=_xlfn._xlws.FILTER($W$4:$AA$100,$V$4:$V$100=AG17,"")}
V20: =IF(E20="","",E20) | W20: =IF(B20="","",B20) | X20: =IF(B20="","",C20) | Y20: =IF(B20="","",D20) | Z20: =IF(B20="","",IF(G20=$C$2,I20,L20)) | AA20: =IF(B20="","",VLOOKUP(S20,$AC$3:$AD$14,2,FALSE))
V21: =IF(E21="","",E21) | W21: =IF(B21="","",B21) | X21: =IF(B21="","",C21) | Y21: =IF(B21="","",D21) | Z21: =IF(B21="","",IF(G21=$C$2,I21,L21)) | AA21: =IF(B21="","",VLOOKUP(S21,$AC$3:$AD$14,2,FALSE))
V22: =IF(E22="","",E22) | W22: =IF(B22="","",B22) | X22: =IF(B22="","",C22) | Y22: =IF(B22="","",D22) | Z22: =IF(B22="","",IF(G22=$C$2,I22,L22)) | AA22: =IF(B22="","",VLOOKUP(S22,$AC$3:$AD$14,2,FALSE))
V23: =IF(E23="","",E23) | W23: =IF(B23="","",B23) | X23: =IF(B23="","",C23) | Y23: =IF(B23="","",D23) | Z23: =IF(B23="","",IF(G23=$C$2,I23,L23)) | AA23: =IF(B23="","",VLOOKUP(S23,$AC$3:$AD$14,2,FALSE))
V24: =IF(E24="","",E24) | W24: =IF(B24="","",B24) | X24: =IF(B24="","",C24) | Y24: =IF(B24="","",D24) | Z24: =IF(B24="","",IF(G24=$C$2,I24,L24)) | AA24: =IF(B24="","",VLOOKUP(S24,$AC$3:$AD$14,2,FALSE))
V25: =IF(E25="","",E25) | W25: =IF(B25="","",B25) | X25: =IF(B25="","",C25) | Y25: =IF(B25="","",D25) | Z25: =IF(B25="","",IF(G25=$C$2,I25,L25)) | AA25: =IF(B25="","",VLOOKUP(S25,$AC$3:$AD$14,2,FALSE))
V26: =IF(E26="","",E26) | W26: =IF(B26="","",B26) | X26: =IF(B26="","",C26) | Y26: =IF(B26="","",D26) | Z26: =IF(B26="","",IF(G26=$C$2,I26,L26)) | AA26: =IF(B26="","",VLOOKUP(S26,$AC$3:$AD$14,2,FALSE))
V27: =IF(E27="","",E27) | W27: =IF(B27="","",B27) | X27: =IF(B27="","",C27) | Y27: =IF(B27="","",D27) | Z27: =IF(B27="","",IF(G27=$C$2,I27,L27)) | AA27: =IF(B27="","",VLOOKUP(S27,$AC$3:$AD$14,2,FALSE))
V28: =IF(E28="","",E28) | W28: =IF(B28="","",B28) | X28: =IF(B28="","",C28) | Y28: =IF(B28="","",D28) | Z28: =IF(B28="","",IF(G28=$C$2,I28,L28)) | AA28: =IF(B28="","",VLOOKUP(S28,$AC$3:$AD$14,2,FALSE))
V29: =IF(E29="","",E29) | W29: =IF(B29="","",B29) | X29: =IF(B29="","",C29) | Y29: =IF(B29="","",D29) | Z29: =IF(B29="","",IF(G29=$C$2,I29,L29)) | AA29: =IF(B29="","",VLOOKUP(S29,$AC$3:$AD$14,2,FALSE))
V30: =IF(E30="","",E30) | W30: =IF(B30="","",B30) | X30: =IF(B30="","",C30) | Y30: =IF(B30="","",D30) | Z30: =IF(B30="","",IF(G30=$C$2,I30,L30)) | AA30: =IF(B30="","",VLOOKUP(S30,$AC$3:$AD$14,2,FALSE)) | AF30: Totaal | AI30: =SUM(AI19:AI29) -> 0
V31: =IF(E31="","",E31) | W31: =IF(B31="","",B31) | X31: =IF(B31="","",C31) | Y31: =IF(B31="","",D31) | Z31: =IF(B31="","",IF(G31=$C$2,I31,L31)) | AA31: =IF(B31="","",VLOOKUP(S31,$AC$3:$AD$14,2,FALSE))
V32: =IF(E32="","",E32) | W32: =IF(B32="","",B32) | X32: =IF(B32="","",C32) | Y32: =IF(B32="","",D32) | Z32: =IF(B32="","",IF(G32=$C$2,I32,L32)) | AA32: =IF(B32="","",VLOOKUP(S32,$AC$3:$AD$14,2,FALSE)) | AF32: Week: | AG32: =Dashboard!AN32 -> 11
V33: =IF(E33="","",E33) | W33: =IF(B33="","",B33) | X33: =IF(B33="","",C33) | Y33: =IF(B33="","",D33) | Z33: =IF(B33="","",IF(G33=$C$2,I33,L33)) | AA33: =IF(B33="","",VLOOKUP(S33,$AC$3:$AD$14,2,FALSE)) | AF33: Order: | AG33: Omschrijving | AH33: Klant: | AI33: Uren: | AJ33: Status:
V34: =IF(E34="","",E34) | W34: =IF(B34="","",B34) | X34: =IF(B34="","",C34) | Y34: =IF(B34="","",D34) | Z34: =IF(B34="","",IF(G34=$C$2,I34,L34)) | AA34: =IF(B34="","",VLOOKUP(S34,$AC$3:$AD$14,2,FALSE)) | AF34: {=_xlfn._xlws.FILTER($W$4:$AA$100,$V$4:$V$100=AG32,"")}
V35: =IF(E35="","",E35) | W35: =IF(B35="","",B35) | X35: =IF(B35="","",C35) | Y35: =IF(B35="","",D35) | Z35: =IF(B35="","",IF(G35=$C$2,I35,L35)) | AA35: =IF(B35="","",VLOOKUP(S35,$AC$3:$AD$14,2,FALSE))
V36: =IF(E36="","",E36) | W36: =IF(B36="","",B36) | X36: =IF(B36="","",C36) | Y36: =IF(B36="","",D36) | Z36: =IF(B36="","",IF(G36=$C$2,I36,L36)) | AA36: =IF(B36="","",VLOOKUP(S36,$AC$3:$AD$14,2,FALSE))
V37: =IF(E37="","",E37) | W37: =IF(B37="","",B37) | X37: =IF(B37="","",C37) | Y37: =IF(B37="","",D37) | Z37: =IF(B37="","",IF(G37=$C$2,I37,L37)) | AA37: =IF(B37="","",VLOOKUP(S37,$AC$3:$AD$14,2,FALSE))
V38: =IF(E38="","",E38) | W38: =IF(B38="","",B38) | X38: =IF(B38="","",C38) | Y38: =IF(B38="","",D38) | Z38: =IF(B38="","",IF(G38=$C$2,I38,L38)) | AA38: =IF(B38="","",VLOOKUP(S38,$AC$3:$AD$14,2,FALSE))
V39: =IF(E39="","",E39) | W39: =IF(B39="","",B39) | X39: =IF(B39="","",C39) | Y39: =IF(B39="","",D39) | Z39: =IF(B39="","",IF(G39=$C$2,I39,L39)) | AA39: =IF(B39="","",VLOOKUP(S39,$AC$3:$AD$14,2,FALSE))
V40: =IF(E40="","",E40) | W40: =IF(B40="","",B40) | X40: =IF(B40="","",C40) | Y40: =IF(B40="","",D40) | Z40: =IF(B40="","",IF(G40=$C$2,I40,L40)) | AA40: =IF(B40="","",VLOOKUP(S40,$AC$3:$AD$14,2,FALSE))
V41: =IF(E41="","",E41) | W41: =IF(B41="","",B41) | X41: =IF(B41="","",C41) | Y41: =IF(B41="","",D41) | Z41: =IF(B41="","",IF(G41=$C$2,I41,L41)) | AA41: =IF(B41="","",VLOOKUP(S41,$AC$3:$AD$14,2,FALSE))
V42: =IF(E42="","",E42) | W42: =IF(B42="","",B42) | X42: =IF(B42="","",C42) | Y42: =IF(B42="","",D42) | Z42: =IF(B42="","",IF(G42=$C$2,I42,L42)) | AA42: =IF(B42="","",VLOOKUP(S42,$AC$3:$AD$14,2,FALSE))
V43: =IF(E43="","",E43) | W43: =IF(B43="","",B43) | X43: =IF(B43="","",C43) | Y43: =IF(B43="","",D43) | Z43: =IF(B43="","",IF(G43=$C$2,I43,L43)) | AA43: =IF(B43="","",VLOOKUP(S43,$AC$3:$AD$14,2,FALSE))
V44: =IF(E44="","",E44) | W44: =IF(B44="","",B44) | X44: =IF(B44="","",C44) | Y44: =IF(B44="","",D44) | Z44: =IF(B44="","",IF(G44=$C$2,I44,L44)) | AA44: =IF(B44="","",VLOOKUP(S44,$AC$3:$AD$14,2,FALSE))
V45: =IF(E45="","",E45) | W45: =IF(B45="","",B45) | X45: =IF(B45="","",C45) | Y45: =IF(B45="","",D45) | Z45: =IF(B45="","",IF(G45=$C$2,I45,L45)) | AA45: =IF(B45="","",VLOOKUP(S45,$AC$3:$AD$14,2,FALSE)) | AF45: Totaal | AI45: =SUM(AI34:AI44) -> 0
V46: =IF(E46="","",E46) | W46: =IF(B46="","",B46) | X46: =IF(B46="","",C46) | Y46: =IF(B46="","",D46) | Z46: =IF(B46="","",IF(G46=$C$2,I46,L46)) | AA46: =IF(B46="","",VLOOKUP(S46,$AC$3:$AD$14,2,FALSE))
V47: =IF(E47="","",E47) | W47: =IF(B47="","",B47) | X47: =IF(B47="","",C47) | Y47: =IF(B47="","",D47) | Z47: =IF(B47="","",IF(G47=$C$2,I47,L47)) | AA47: =IF(B47="","",VLOOKUP(S47,$AC$3:$AD$14,2,FALSE))
V48: =IF(E48="","",E48) | W48: =IF(B48="","",B48) | X48: =IF(B48="","",C48) | Y48: =IF(B48="","",D48) | Z48: =IF(B48="","",IF(G48=$C$2,I48,L48)) | AA48: =IF(B48="","",VLOOKUP(S48,$AC$3:$AD$14,2,FALSE))
V49: =IF(E49="","",E49) | W49: =IF(B49="","",B49) | X49: =IF(B49="","",C49) | Y49: =IF(B49="","",D49) | Z49: =IF(B49="","",IF(G49=$C$2,I49,L49)) | AA49: =IF(B49="","",VLOOKUP(S49,$AC$3:$AD$14,2,FALSE))
V50: =IF(E50="","",E50) | W50: =IF(B50="","",B50) | X50: =IF(B50="","",C50) | Y50: =IF(B50="","",D50) | Z50: =IF(B50="","",IF(G50=$C$2,I50,L50)) | AA50: =IF(B50="","",VLOOKUP(S50,$AC$3:$AD$14,2,FALSE))
V51: =IF(E51="","",E51) | W51: =IF(B51="","",B51) | X51: =IF(B51="","",C51) | Y51: =IF(B51="","",D51) | Z51: =IF(B51="","",IF(G51=$C$2,I51,L51)) | AA51: =IF(B51="","",VLOOKUP(S51,$AC$3:$AD$14,2,FALSE))
V52: =IF(E52="","",E52) | W52: =IF(B52="","",B52) | X52: =IF(B52="","",C52) | Y52: =IF(B52="","",D52) | Z52: =IF(B52="","",IF(G52=$C$2,I52,L52)) | AA52: =IF(B52="","",VLOOKUP(S52,$AC$3:$AD$14,2,FALSE))
V53: =IF(E53="","",E53) | W53: =IF(B53="","",B53) | X53: =IF(B53="","",C53) | Y53: =IF(B53="","",D53) | Z53: =IF(B53="","",IF(G53=$C$2,I53,L53)) | AA53: =IF(B53="","",VLOOKUP(S53,$AC$3:$AD$14,2,FALSE))
V54: =IF(E54="","",E54) | W54: =IF(B54="","",B54) | X54: =IF(B54="","",C54) | Y54: =IF(B54="","",D54) | Z54: =IF(B54="","",IF(G54=$C$2,I54,L54)) | AA54: =IF(B54="","",VLOOKUP(S54,$AC$3:$AD$14,2,FALSE))
V55: =IF(E55="","",E55) | W55: =IF(B55="","",B55) | X55: =IF(B55="","",C55) | Y55: =IF(B55="","",D55) | Z55: =IF(B55="","",IF(G55=$C$2,I55,L55)) | AA55: =IF(B55="","",VLOOKUP(S55,$AC$3:$AD$14,2,FALSE))
V56: =IF(E56="","",E56) | W56: =IF(B56="","",B56) | X56: =IF(B56="","",C56) | Y56: =IF(B56="","",D56) | Z56: =IF(B56="","",IF(G56=$C$2,I56,L56)) | AA56: =IF(B56="","",VLOOKUP(S56,$AC$3:$AD$14,2,FALSE))
V57: =IF(E57="","",E57) | W57: =IF(B57="","",B57) | X57: =IF(B57="","",C57) | Y57: =IF(B57="","",D57) | Z57: =IF(B57="","",IF(G57=$C$2,I57,L57)) | AA57: =IF(B57="","",VLOOKUP(S57,$AC$3:$AD$14,2,FALSE))
... V100: =IF(E100="","",E100) | W100: =IF(B100="","",B100) | X100: =IF(B100="","",C100) | Y100: =IF(B100="","",D100) | Z100: =IF(B100="","",IF(G100=$C$2,I100,L100)) | AA100: =IF(B100="","",VLOOKUP(S100,$AC$3:$AD$14,2,FALSE))

Sheet Ber. Planning Zoltan
B2: Medewerker: | C2: Zoltan | AC2: Omrekening status: | AF2: Week: | AG2: =Dashboard!E32 -> 9
B3: Ordernummer: | C3: Omschrijving: | D3: Klant: | E3: Week: | F3: Totale uren: | G3: Medewerker 1: | H3: % uren 1: | I3: Uren 1: | J3: Medewerker 2: | K3: % uren 2: | L3: Uren 2: | M3: Medewerker 3: | N3: % uren 3: | O3: Uren 3: | P3: Controle % | Q3: Datum coater/verzinkerij: | R3: Datum gereed: | S3: Status: | T3: Hulpmaterialen: | V3: Week: | W3: Order: | X3: Omschrijving | Y3: Klant: | Z3: Uren: | AA3: Status: | AC3: Status: | AD3: Nummer: | AF3: Order: | AG3: Omschrijving | AH3: Klant: | AI3: Uren: | AJ3: Status:
B4: {=_xlfn._xlws.FILTER('Ber. Planning Totaal'!B4:T1000,('Ber. Planning Totaal'!G4:G1000=C2)+('Ber. Planning Totaal'!J4:J1000=C2)+('Ber. Planning Totaal'!M4:M1000=C2))} -> #VALUE! | V4: =IF(E4="","",E4) | W4: =IF(B4="","",B4) -> #VALUE! | X4: =IF(B4="","",C4) -> #VALUE! | Y4: =IF(B4="","",D4) -> #VALUE! | Z4: =IF(B4="","",IF(G4=$C$2,I4,L4)) -> #VALUE! | AA4: =IF(B4="","",VLOOKUP(S4,$AC$3:$AD$14,2,FALSE)) -> #VALUE! | AC4: 1 - Werkvoorbereiding | AD4: 1 | AF4: {=_xlfn._xlws.FILTER($W$4:$AA$100,$V$4:$V$100=AG2,"")}
V5: =IF(E5="","",E5) | W5: =IF(B5="","",B5) | X5: =IF(B5="","",C5) | Y5: =IF(B5="","",D5) | Z5: =IF(B5="","",IF(G5=$C$2,I5,L5)) | AA5: =IF(B5="","",VLOOKUP(S5,$AC$3:$AD$14,2,FALSE)) | AC5: 2 - Materiaal deels besteld | AD5: 2
V6: =IF(E6="","",E6) | W6: =IF(B6="","",B6) | X6: =IF(B6="","",C6) | Y6: =IF(B6="","",D6) | Z6: =IF(B6="","",IF(G6=$C$2,I6,L6)) | AA6: =IF(B6="","",VLOOKUP(S6,$AC$3:$AD$14,2,FALSE)) | AC6: 3 - Materiaal besteld | AD6: 3
V7: =IF(E7="","",E7) | W7: =IF(B7="","",B7) | X7: =IF(B7="","",C7) | Y7: =IF(B7="","",D7) | Z7: =IF(B7="","",IF(G7=$C$2,I7,L7)) | AA7: =IF(B7="","",VLOOKUP(S7,$AC$3:$AD$14,2,FALSE)) | AC7: 4 - Materiaal binnen | AD7: 4
V8: =IF(E8="","",E8) | W8: =IF(B8="","",B8) | X8: =IF(B8="","",C8) | Y8: =IF(B8="","",D8) | Z8: =IF(B8="","",IF(G8=$C$2,I8,L8)) | AA8: =IF(B8="","",VLOOKUP(S8,$AC$3:$AD$14,2,FALSE)) | AC8: 5 - Voorbereiden (Nobelweg 2B) | AD8: 5
V9: =IF(E9="","",E9) | W9: =IF(B9="","",B9) | X9: =IF(B9="","",C9) | Y9: =IF(B9="","",D9) | Z9: =IF(B9="","",IF(G9=$C$2,I9,L9)) | AA9: =IF(B9="","",VLOOKUP(S9,$AC$3:$AD$14,2,FALSE)) | AC9: 6 - In productie (Nobelweg 3) | AD9: 6
V10: =IF(E10="","",E10) | W10: =IF(B10="","",B10) | X10: =IF(B10="","",C10) | Y10: =IF(B10="","",D10) | Z10: =IF(B10="","",IF(G10=$C$2,I10,L10)) | AA10: =IF(B10="","",VLOOKUP(S10,$AC$3:$AD$14,2,FALSE)) | AC10: 7 - Klaar voor coater/verzinkerij | AD10: 7
V11: =IF(E11="","",E11) | W11: =IF(B11="","",B11) | X11: =IF(B11="","",C11) | Y11: =IF(B11="","",D11) | Z11: =IF(B11="","",IF(G11=$C$2,I11,L11)) | AA11: =IF(B11="","",VLOOKUP(S11,$AC$3:$AD$14,2,FALSE)) | AC11: 8 - Bij coater/verzinkerij | AD11: 8
V12: =IF(E12="","",E12) | W12: =IF(B12="","",B12) | X12: =IF(B12="","",C12) | Y12: =IF(B12="","",D12) | Z12: =IF(B12="","",IF(G12=$C$2,I12,L12)) | AA12: =IF(B12="","",VLOOKUP(S12,$AC$3:$AD$14,2,FALSE)) | AC12: 9 - Gereed, kan worden opgehaald | AD12: 9
V13: =IF(E13="","",E13) | W13: =IF(B13="","",B13) | X13: =IF(B13="","",C13) | Y13: =IF(B13="","",D13) | Z13: =IF(B13="","",IF(G13=$C$2,I13,L13)) | AA13: =IF(B13="","",VLOOKUP(S13,$AC$3:$AD$14,2,FALSE)) | AC13: 10 - Afgeleverd | AD13: 10
V14: =IF(E14="","",E14) | W14: =IF(B14="","",B14) | X14: =IF(B14="","",C14) | Y14: =IF(B14="","",D14) | Z14: =IF(B14="","",IF(G14=$C$2,I14,L14)) | AA14: =IF(B14="","",VLOOKUP(S14,$AC$3:$AD$14,2,FALSE)) | AC14: UITBESTEED | AD14: U
V15: =IF(E15="","",E15) | W15: =IF(B15="","",B15) | X15: =IF(B15="","",C15) | Y15: =IF(B15="","",D15) | Z15: =IF(B15="","",IF(G15=$C$2,I15,L15)) | AA15: =IF(B15="","",VLOOKUP(S15,$AC$3:$AD$14,2,FALSE)) | AF15: Totaal | AI15: =SUM(AI4:AI14) -> 0
V16: =IF(E16="","",E16) | W16: =IF(B16="","",B16) | X16: =IF(B16="","",C16) | Y16: =IF(B16="","",D16) | Z16: =IF(B16="","",IF(G16=$C$2,I16,L16)) | AA16: =IF(B16="","",VLOOKUP(S16,$AC$3:$AD$14,2,FALSE))
V17: =IF(E17="","",E17) | W17: =IF(B17="","",B17) | X17: =IF(B17="","",C17) | Y17: =IF(B17="","",D17) | Z17: =IF(B17="","",IF(G17=$C$2,I17,L17)) | AA17: =IF(B17="","",VLOOKUP(S17,$AC$3:$AD$14,2,FALSE)) | AF17: Week: | AG17: =Dashboard!U32 -> 10
V18: =IF(E18="","",E18) | W18: =IF(B18="","",B18) | X18: =IF(B18="","",C18) | Y18: =IF(B18="","",D18) | Z18: =IF(B18="","",IF(G18=$C$2,I18,L18)) | AA18: =IF(B18="","",VLOOKUP(S18,$AC$3:$AD$14,2,FALSE)) | AF18: Order: | AG18: Omschrijving | AH18: Klant: | AI18: Uren: | AJ18: Status:
V19: =IF(E19="","",E19) | W19: =IF(B19="","",B19) | X19: =IF(B19="","",C19) | Y19: =IF(B19="","",D19) | Z19: =IF(B19="","",IF(G19=$C$2,I19,L19)) | AA19: =IF(B19="","",VLOOKUP(S19,$AC$3:$AD$14,2,FALSE)) | AF19: {=_xlfn._xlws.FILTER($W$4:$AA$100,$V$4:$V$100=AG17,"")}
V20: =IF(E20="","",E20) | W20: =IF(B20="","",B20) | X20: =IF(B20="","",C20) | Y20: =IF(B20="","",D20) | Z20: =IF(B20="","",IF(G20=$C$2,I20,L20)) | AA20: =IF(B20="","",VLOOKUP(S20,$AC$3:$AD$14,2,FALSE))
V21: =IF(E21="","",E21) | W21: =IF(B21="","",B21) | X21: =IF(B21="","",C21) | Y21: =IF(B21="","",D21) | Z21: =IF(B21="","",IF(G21=$C$2,I21,L21)) | AA21: =IF(B21="","",VLOOKUP(S21,$AC$3:$AD$14,2,FALSE))
V22: =IF(E22="","",E22) | W22: =IF(B22="","",B22) | X22: =IF(B22="","",C22) | Y22: =IF(B22="","",D22) | Z22: =IF(B22="","",IF(G22=$C$2,I22,L22)) | AA22: =IF(B22="","",VLOOKUP(S22,$AC$3:$AD$14,2,FALSE))
V23: =IF(E23="","",E23) | W23: =IF(B23="","",B23) | X23: =IF(B23="","",C23) | Y23: =IF(B23="","",D23) | Z23: =IF(B23="","",IF(G23=$C$2,I23,L23)) | AA23: =IF(B23="","",VLOOKUP(S23,$AC$3:$AD$14,2,FALSE))
V24: =IF(E24="","",E24) | W24: =IF(B24="","",B24) | X24: =IF(B24="","",C24) | Y24: =IF(B24="","",D24) | Z24: =IF(B24="","",IF(G24=$C$2,I24,L24)) | AA24: =IF(B24="","",VLOOKUP(S24,$AC$3:$AD$14,2,FALSE))
V25: =IF(E25="","",E25) | W25: =IF(B25="","",B25) | X25: =IF(B25="","",C25) | Y25: =IF(B25="","",D25) | Z25: =IF(B25="","",IF(G25=$C$2,I25,L25)) | AA25: =IF(B25="","",VLOOKUP(S25,$AC$3:$AD$14,2,FALSE))
V26: =IF(E26="","",E26) | W26: =IF(B26="","",B26) | X26: =IF(B26="","",C26) | Y26: =IF(B26="","",D26) | Z26: =IF(B26="","",IF(G26=$C$2,I26,L26)) | AA26: =IF(B26="","",VLOOKUP(S26,$AC$3:$AD$14,2,FALSE))
V27: =IF(E27="","",E27) | W27: =IF(B27="","",B27) | X27: =IF(B27="","",C27) | Y27: =IF(B27="","",D27) | Z27: =IF(B27="","",IF(G27=$C$2,I27,L27)) | AA27: =IF(B27="","",VLOOKUP(S27,$AC$3:$AD$14,2,FALSE))
V28: =IF(E28="","",E28) | W28: =IF(B28="","",B28) | X28: =IF(B28="","",C28) | Y28: =IF(B28="","",D28) | Z28: =IF(B28="","",IF(G28=$C$2,I28,L28)) | AA28: =IF(B28="","",VLOOKUP(S28,$AC$3:$AD$14,2,FALSE))
V29: =IF(E29="","",E29) | W29: =IF(B29="","",B29) | X29: =IF(B29="","",C29) | Y29: =IF(B29="","",D29) | Z29: =IF(B29="","",IF(G29=$C$2,I29,L29)) | AA29: =IF(B29="","",VLOOKUP(S29,$AC$3:$AD$14,2,FALSE))
V30: =IF(E30="","",E30) | W30: =IF(B30="","",B30) | X30: =IF(B30="","",C30) | Y30: =IF(B30="","",D30) | Z30: =IF(B30="","",IF(G30=$C$2,I30,L30)) | AA30: =IF(B30="","",VLOOKUP(S30,$AC$3:$AD$14,2,FALSE)) | AF30: Totaal | AI30: =SUM(AI19:AI29) -> 0
V31: =IF(E31="","",E31) | W31: =IF(B31="","",B31) | X31: =IF(B31="","",C31) | Y31: =IF(B31="","",D31) | Z31: =IF(B31="","",IF(G31=$C$2,I31,L31)) | AA31: =IF(B31="","",VLOOKUP(S31,$AC$3:$AD$14,2,FALSE))
V32: =IF(E32="","",E32) | W32: =IF(B32="","",B32) | X32: =IF(B32="","",C32) | Y32: =IF(B32="","",D32) | Z32: =IF(B32="","",IF(G32=$C$2,I32,L32)) | AA32: =IF(B32="","",VLOOKUP(S32,$AC$3:$AD$14,2,FALSE)) | AF32: Week: | AG32: =Dashboard!AN32 -> 11
V33: =IF(E33="","",E33) | W33: =IF(B33="","",B33) | X33: =IF(B33="","",C33) | Y33: =IF(B33="","",D33) | Z33: =IF(B33="","",IF(G33=$C$2,I33,L33)) | AA33: =IF(B33="","",VLOOKUP(S33,$AC$3:$AD$14,2,FALSE)) | AF33: Order: | AG33: Omschrijving | AH33: Klant: | AI33: Uren: | AJ33: Status:
V34: =IF(E34="","",E34) | W34: =IF(B34="","",B34) | X34: =IF(B34="","",C34) | Y34: =IF(B34="","",D34) | Z34: =IF(B34="","",IF(G34=$C$2,I34,L34)) | AA34: =IF(B34="","",VLOOKUP(S34,$AC$3:$AD$14,2,FALSE)) | AF34: {=_xlfn._xlws.FILTER($W$4:$AA$100,$V$4:$V$100=AG32,"")}
V35: =IF(E35="","",E35) | W35: =IF(B35="","",B35) | X35: =IF(B35="","",C35) | Y35: =IF(B35="","",D35) | Z35: =IF(B35="","",IF(G35=$C$2,I35,L35)) | AA35: =IF(B35="","",VLOOKUP(S35,$AC$3:$AD$14,2,FALSE))
V36: =IF(E36="","",E36) | W36: =IF(B36="","",B36) | X36: =IF(B36="","",C36) | Y36: =IF(B36="","",D36) | Z36: =IF(B36="","",IF(G36=$C$2,I36,L36)) | AA36: =IF(B36="","",VLOOKUP(S36,$AC$3:$AD$14,2,FALSE))
V37: =IF(E37="","",E37) | W37: =IF(B37="","",B37) | X37: =IF(B37="","",C37) | Y37: =IF(B37="","",D37) | Z37: =IF(B37="","",IF(G37=$C$2,I37,L37)) | AA37: =IF(B37="","",VLOOKUP(S37,$AC$3:$AD$14,2,FALSE))
V38: =IF(E38="","",E38) | W38: =IF(B38="","",B38) | X38: =IF(B38="","",C38) | Y38: =IF(B38="","",D38) | Z38: =IF(B38="","",IF(G38=$C$2,I38,L38)) | AA38: =IF(B38="","",VLOOKUP(S38,$AC$3:$AD$14,2,FALSE))
V39: =IF(E39="","",E39) | W39: =IF(B39="","",B39) | X39: =IF(B39="","",C39) | Y39: =IF(B39="","",D39) | Z39: =IF(B39="","",IF(G39=$C$2,I39,L39)) | AA39: =IF(B39="","",VLOOKUP(S39,$AC$3:$AD$14,2,FALSE))
V40: =IF(E40="","",E40) | W40: =IF(B40="","",B40) | X40: =IF(B40="","",C40) | Y40: =IF(B40="","",D40) | Z40: =IF(B40="","",IF(G40=$C$2,I40,L40)) | AA40: =IF(B40="","",VLOOKUP(S40,$AC$3:$AD$14,2,FALSE))
V41: =IF(E41="","",E41) | W41: =IF(B41="","",B41) | X41: =IF(B41="","",C41) | Y41: =IF(B41="","",D41) | Z41: =IF(B41="","",IF(G41=$C$2,I41,L41)) | AA41: =IF(B41="","",VLOOKUP(S41,$AC$3:$AD$14,2,FALSE))
V42: =IF(E42="","",E42) | W42: =IF(B42="","",B42) | X42: =IF(B42="","",C42) | Y42: =IF(B42="","",D42) | Z42: =IF(B42="","",IF(G42=$C$2,I42,L42)) | AA42: =IF(B42="","",VLOOKUP(S42,$AC$3:$AD$14,2,FALSE))
V43: =IF(E43="","",E43) | W43: =IF(B43="","",B43) | X43: =IF(B43="","",C43) | Y43: =IF(B43="","",D43) | Z43: =IF(B43="","",IF(G43=$C$2,I43,L43)) | AA43: =IF(B43="","",VLOOKUP(S43,$AC$3:$AD$14,2,FALSE))
V44: =IF(E44="","",E44) | W44: =IF(B44="","",B44) | X44: =IF(B44="","",C44) | Y44: =IF(B44="","",D44) | Z44: =IF(B44="","",IF(G44=$C$2,I44,L44)) | AA44: =IF(B44="","",VLOOKUP(S44,$AC$3:$AD$14,2,FALSE))
V45: =IF(E45="","",E45) | W45: =IF(B45="","",B45) | X45: =IF(B45="","",C45) | Y45: =IF(B45="","",D45) | Z45: =IF(B45="","",IF(G45=$C$2,I45,L45)) | AA45: =IF(B45="","",VLOOKUP(S45,$AC$3:$AD$14,2,FALSE)) | AF45: Totaal | AI45: =SUM(AI34:AI44) -> 0
V46: =IF(E46="","",E46) | W46: =IF(B46="","",B46) | X46: =IF(B46="","",C46) | Y46: =IF(B46="","",D46) | Z46: =IF(B46="","",IF(G46=$C$2,I46,L46)) | AA46: =IF(B46="","",VLOOKUP(S46,$AC$3:$AD$14,2,FALSE))
V47: =IF(E47="","",E47) | W47: =IF(B47="","",B47) | X47: =IF(B47="","",C47) | Y47: =IF(B47="","",D47) | Z47: =IF(B47="","",IF(G47=$C$2,I47,L47)) | AA47: =IF(B47="","",VLOOKUP(S47,$AC$3:$AD$14,2,FALSE))
V48: =IF(E48="","",E48) | W48: =IF(B48="","",B48) | X48: =IF(B48="","",C48) | Y48: =IF(B48="","",D48) | Z48: =IF(B48="","",IF(G48=$C$2,I48,L48)) | AA48: =IF(B48="","",VLOOKUP(S48,$AC$3:$AD$14,2,FALSE))
V49: =IF(E49="","",E49) | W49: =IF(B49="","",B49) | X49: =IF(B49="","",C49) | Y49: =IF(B49="","",D49) | Z49: =IF(B49="","",IF(G49=$C$2,I49,L49)) | AA49: =IF(B49="","",VLOOKUP(S49,$AC$3:$AD$14,2,FALSE))
V50: =IF(E50="","",E50) | W50: =IF(B50="","",B50) | X50: =IF(B50="","",C50) | Y50: =IF(B50="","",D50) | Z50: =IF(B50="","",IF(G50=$C$2,I50,L50)) | AA50: =IF(B50="","",VLOOKUP(S50,$AC$3:$AD$14,2,FALSE))
V51: =IF(E51="","",E51) | W51: =IF(B51="","",B51) | X51: =IF(B51="","",C51) | Y51: =IF(B51="","",D51) | Z51: =IF(B51="","",IF(G51=$C$2,I51,L51)) | AA51: =IF(B51="","",VLOOKUP(S51,$AC$3:$AD$14,2,FALSE))
V52: =IF(E52="","",E52) | W52: =IF(B52="","",B52) | X52: =IF(B52="","",C52) | Y52: =IF(B52="","",D52) | Z52: =IF(B52="","",IF(G52=$C$2,I52,L52)) | AA52: =IF(B52="","",VLOOKUP(S52,$AC$3:$AD$14,2,FALSE))
V53: =IF(E53="","",E53) | W53: =IF(B53="","",B53) | X53: =IF(B53="","",C53) | Y53: =IF(B53="","",D53) | Z53: =IF(B53="","",IF(G53=$C$2,I53,L53)) | AA53: =IF(B53="","",VLOOKUP(S53,$AC$3:$AD$14,2,FALSE))
V54: =IF(E54="","",E54) | W54: =IF(B54="","",B54) | X54: =IF(B54="","",C54) | Y54: =IF(B54="","",D54) | Z54: =IF(B54="","",IF(G54=$C$2,I54,L54)) | AA54: =IF(B54="","",VLOOKUP(S54,$AC$3:$AD$14,2,FALSE))
V55: =IF(E55="","",E55) | W55: =IF(B55="","",B55) | X55: =IF(B55="","",C55) | Y55: =IF(B55="","",D55) | Z55: =IF(B55="","",IF(G55=$C$2,I55,L55)) | AA55: =IF(B55="","",VLOOKUP(S55,$AC$3:$AD$14,2,FALSE))
V56: =IF(E56="","",E56) | W56: =IF(B56="","",B56) | X56: =IF(B56="","",C56) | Y56: =IF(B56="","",D56) | Z56: =IF(B56="","",IF(G56=$C$2,I56,L56)) | AA56: =IF(B56="","",VLOOKUP(S56,$AC$3:$AD$14,2,FALSE))
V57: =IF(E57="","",E57) | W57: =IF(B57="","",B57) | X57: =IF(B57="","",C57) | Y57: =IF(B57="","",D57) | Z57: =IF(B57="","",IF(G57=$C$2,I57,L57)) | AA57: =IF(B57="","",VLOOKUP(S57,$AC$3:$AD$14,2,FALSE))
... V100: =IF(E100="","",E100) | W100: =IF(B100="","",B100) | X100: =IF(B100="","",C100) | Y100: =IF(B100="","",D100) | Z100: =IF(B100="","",IF(G100=$C$2,I100,L100)) | AA100: =IF(B100="","",VLOOKUP(S100,$AC$3:$AD$14,2,FALSE))

Sheet Ber. Planning Voorbewerk.
B2: Medewerker: | C2: Voorbewerking | AC2: Omrekening status: | AF2: Week: | AG2: =Dashboard!E32 -> 9
B3: Ordernummer: | C3: Omschrijving: | D3: Klant: | E3: Week: | F3: Totale uren: | G3: Medewerker 1: | H3: % uren 1: | I3: Uren 1: | J3: Medewerker 2: | K3: % uren 2: | L3: Uren 2: | M3: Medewerker 3: | N3: % uren 3: | O3: Uren 3: | P3: Controle % | Q3: Datum coater/verzinkerij: | R3: Datum gereed: | S3: Status: | T3: Hulpmaterialen: | V3: Week: | W3: Order: | X3: Omschrijving | Y3: Klant: | Z3: Uren: | AA3: Status: | AC3: Status: | AD3: Nummer: | AF3: Order: | AG3: Omschrijving | AH3: Klant: | AI3: Uren: | AJ3: Status:
B4: {=_xlfn._xlws.FILTER('Ber. Planning Totaal'!B4:T1000,('Ber. Planning Totaal'!G4:G1000=C2)+('Ber. Planning Totaal'!J4:J1000=C2)+('Ber. Planning Totaal'!M4:M1000=C2))} -> #VALUE! | V4: =IF(E4="","",E4) | W4: =IF(B4="","",B4) -> #VALUE! | X4: =IF(B4="","",C4) -> #VALUE! | Y4: =IF(B4="","",D4) -> #VALUE! | Z4: =IF(B4="","",IF(G4=$C$2,I4,L4)) -> #VALUE! | AA4: =IF(B4="","",VLOOKUP(S4,$AC$3:$AD$14,2,FALSE)) -> #VALUE! | AC4: 1 - Werkvoorbereiding | AD4: 1 | AF4: {=_xlfn._xlws.FILTER($W$4:$AA$100,$V$4:$V$100=AG2,"")}
V5: =IF(E5="","",E5) | W5: =IF(B5="","",B5) | X5: =IF(B5="","",C5) | Y5: =IF(B5="","",D5) | Z5: =IF(B5="","",IF(G5=$C$2,I5,L5)) | AA5: =IF(B5="","",VLOOKUP(S5,$AC$3:$AD$14,2,FALSE)) | AC5: 2 - Materiaal deels besteld | AD5: 2
V6: =IF(E6="","",E6) | W6: =IF(B6="","",B6) | X6: =IF(B6="","",C6) | Y6: =IF(B6="","",D6) | Z6: =IF(B6="","",IF(G6=$C$2,I6,L6)) | AA6: =IF(B6="","",VLOOKUP(S6,$AC$3:$AD$14,2,FALSE)) | AC6: 3 - Materiaal besteld | AD6: 3
V7: =IF(E7="","",E7) | W7: =IF(B7="","",B7) | X7: =IF(B7="","",C7) | Y7: =IF(B7="","",D7) | Z7: =IF(B7="","",IF(G7=$C$2,I7,L7)) | AA7: =IF(B7="","",VLOOKUP(S7,$AC$3:$AD$14,2,FALSE)) | AC7: 4 - Materiaal binnen | AD7: 4
V8: =IF(E8="","",E8) | W8: =IF(B8="","",B8) | X8: =IF(B8="","",C8) | Y8: =IF(B8="","",D8) | Z8: =IF(B8="","",IF(G8=$C$2,I8,L8)) | AA8: =IF(B8="","",VLOOKUP(S8,$AC$3:$AD$14,2,FALSE)) | AC8: 5 - Voorbereiden (Nobelweg 2B) | AD8: 5
V9: =IF(E9="","",E9) | W9: =IF(B9="","",B9) | X9: =IF(B9="","",C9) | Y9: =IF(B9="","",D9) | Z9: =IF(B9="","",IF(G9=$C$2,I9,L9)) | AA9: =IF(B9="","",VLOOKUP(S9,$AC$3:$AD$14,2,FALSE)) | AC9: 6 - In productie (Nobelweg 3) | AD9: 6
V10: =IF(E10="","",E10) | W10: =IF(B10="","",B10) | X10: =IF(B10="","",C10) | Y10: =IF(B10="","",D10) | Z10: =IF(B10="","",IF(G10=$C$2,I10,L10)) | AA10: =IF(B10="","",VLOOKUP(S10,$AC$3:$AD$14,2,FALSE)) | AC10: 7 - Klaar voor coater/verzinkerij | AD10: 7
V11: =IF(E11="","",E11) | W11: =IF(B11="","",B11) | X11: =IF(B11="","",C11) | Y11: =IF(B11="","",D11) | Z11: =IF(B11="","",IF(G11=$C$2,I11,L11)) | AA11: =IF(B11="","",VLOOKUP(S11,$AC$3:$AD$14,2,FALSE)) | AC11: 8 - Bij coater/verzinkerij | AD11: 8
V12: =IF(E12="","",E12) | W12: =IF(B12="","",B12) | X12: =IF(B12="","",C12) | Y12: =IF(B12="","",D12) | Z12: =IF(B12="","",IF(G12=$C$2,I12,L12)) | AA12: =IF(B12="","",VLOOKUP(S12,$AC$3:$AD$14,2,FALSE)) | AC12: 9 - Gereed, kan worden opgehaald | AD12: 9
V13: =IF(E13="","",E13) | W13: =IF(B13="","",B13) | X13: =IF(B13="","",C13) | Y13: =IF(B13="","",D13) | Z13: =IF(B13="","",IF(G13=$C$2,I13,L13)) | AA13: =IF(B13="","",VLOOKUP(S13,$AC$3:$AD$14,2,FALSE)) | AC13: 10 - Afgeleverd | AD13: 10
V14: =IF(E14="","",E14) | W14: =IF(B14="","",B14) | X14: =IF(B14="","",C14) | Y14: =IF(B14="","",D14) | Z14: =IF(B14="","",IF(G14=$C$2,I14,L14)) | AA14: =IF(B14="","",VLOOKUP(S14,$AC$3:$AD$14,2,FALSE)) | AC14: UITBESTEED | AD14: U
V15: =IF(E15="","",E15) | W15: =IF(B15="","",B15) | X15: =IF(B15="","",C15) | Y15: =IF(B15="","",D15) | Z15: =IF(B15="","",IF(G15=$C$2,I15,L15)) | AA15: =IF(B15="","",VLOOKUP(S15,$AC$3:$AD$14,2,FALSE)) | AF15: Totaal | AI15: =SUM(AI4:AI14) -> 0
V16: =IF(E16="","",E16) | W16: =IF(B16="","",B16) | X16: =IF(B16="","",C16) | Y16: =IF(B16="","",D16) | Z16: =IF(B16="","",IF(G16=$C$2,I16,L16)) | AA16: =IF(B16="","",VLOOKUP(S16,$AC$3:$AD$14,2,FALSE))
V17: =IF(E17="","",E17) | W17: =IF(B17="","",B17) | X17: =IF(B17="","",C17) | Y17: =IF(B17="","",D17) | Z17: =IF(B17="","",IF(G17=$C$2,I17,L17)) | AA17: =IF(B17="","",VLOOKUP(S17,$AC$3:$AD$14,2,FALSE)) | AF17: Week: | AG17: =Dashboard!U32 -> 10
V18: =IF(E18="","",E18) | W18: =IF(B18="","",B18) | X18: =IF(B18="","",C18) | Y18: =IF(B18="","",D18) | Z18: =IF(B18="","",IF(G18=$C$2,I18,L18)) | AA18: =IF(B18="","",VLOOKUP(S18,$AC$3:$AD$14,2,FALSE)) | AF18: Order: | AG18: Omschrijving | AH18: Klant: | AI18: Uren: | AJ18: Status:
V19: =IF(E19="","",E19) | W19: =IF(B19="","",B19) | X19: =IF(B19="","",C19) | Y19: =IF(B19="","",D19) | Z19: =IF(B19="","",IF(G19=$C$2,I19,L19)) | AA19: =IF(B19="","",VLOOKUP(S19,$AC$3:$AD$14,2,FALSE)) | AF19: {=_xlfn._xlws.FILTER($W$4:$AA$100,$V$4:$V$100=AG17,"")}
V20: =IF(E20="","",E20) | W20: =IF(B20="","",B20) | X20: =IF(B20="","",C20) | Y20: =IF(B20="","",D20) | Z20: =IF(B20="","",IF(G20=$C$2,I20,L20)) | AA20: =IF(B20="","",VLOOKUP(S20,$AC$3:$AD$14,2,FALSE))
V21: =IF(E21="","",E21) | W21: =IF(B21="","",B21) | X21: =IF(B21="","",C21) | Y21: =IF(B21="","",D21) | Z21: =IF(B21="","",IF(G21=$C$2,I21,L21)) | AA21: =IF(B21="","",VLOOKUP(S21,$AC$3:$AD$14,2,FALSE))
V22: =IF(E22="","",E22) | W22: =IF(B22="","",B22) | X22: =IF(B22="","",C22) | Y22: =IF(B22="","",D22) | Z22: =IF(B22="","",IF(G22=$C$2,I22,L22)) | AA22: =IF(B22="","",VLOOKUP(S22,$AC$3:$AD$14,2,FALSE))
V23: =IF(E23="","",E23) | W23: =IF(B23="","",B23) | X23: =IF(B23="","",C23) | Y23: =IF(B23="","",D23) | Z23: =IF(B23="","",IF(G23=$C$2,I23,L23)) | AA23: =IF(B23="","",VLOOKUP(S23,$AC$3:$AD$14,2,FALSE))
V24: =IF(E24="","",E24) | W24: =IF(B24="","",B24) | X24: =IF(B24="","",C24) | Y24: =IF(B24="","",D24) | Z24: =IF(B24="","",IF(G24=$C$2,I24,L24)) | AA24: =IF(B24="","",VLOOKUP(S24,$AC$3:$AD$14,2,FALSE))
V25: =IF(E25="","",E25) | W25: =IF(B25="","",B25) | X25: =IF(B25="","",C25) | Y25: =IF(B25="","",D25) | Z25: =IF(B25="","",IF(G25=$C$2,I25,L25)) | AA25: =IF(B25="","",VLOOKUP(S25,$AC$3:$AD$14,2,FALSE))
V26: =IF(E26="","",E26) | W26: =IF(B26="","",B26) | X26: =IF(B26="","",C26) | Y26: =IF(B26="","",D26) | Z26: =IF(B26="","",IF(G26=$C$2,I26,L26)) | AA26: =IF(B26="","",VLOOKUP(S26,$AC$3:$AD$14,2,FALSE))
V27: =IF(E27="","",E27) | W27: =IF(B27="","",B27) | X27: =IF(B27="","",C27) | Y27: =IF(B27="","",D27) | Z27: =IF(B27="","",IF(G27=$C$2,I27,L27)) | AA27: =IF(B27="","",VLOOKUP(S27,$AC$3:$AD$14,2,FALSE))
V28: =IF(E28="","",E28) | W28: =IF(B28="","",B28) | X28: =IF(B28="","",C28) | Y28: =IF(B28="","",D28) | Z28: =IF(B28="","",IF(G28=$C$2,I28,L28)) | AA28: =IF(B28="","",VLOOKUP(S28,$AC$3:$AD$14,2,FALSE))
V29: =IF(E29="","",E29) | W29: =IF(B29="","",B29) | X29: =IF(B29="","",C29) | Y29: =IF(B29="","",D29) | Z29: =IF(B29="","",IF(G29=$C$2,I29,L29)) | AA29: =IF(B29="","",VLOOKUP(S29,$AC$3:$AD$14,2,FALSE))
V30: =IF(E30="","",E30) | W30: =IF(B30="","",B30) | X30: =IF(B30="","",C30) | Y30: =IF(B30="","",D30) | Z30: =IF(B30="","",IF(G30=$C$2,I30,L30)) | AA30: =IF(B30="","",VLOOKUP(S30,$AC$3:$AD$14,2,FALSE)) | AF30: Totaal | AI30: =SUM(AI19:AI29) -> 0
V31: =IF(E31="","",E31) | W31: =IF(B31="","",B31) | X31: =IF(B31="","",C31) | Y31: =IF(B31="","",D31) | Z31: =IF(B31="","",IF(G31=$C$2,I31,L31)) | AA31: =IF(B31="","",VLOOKUP(S31,$AC$3:$AD$14,2,FALSE))
V32: =IF(E32="","",E32) | W32: =IF(B32="","",B32) | X32: =IF(B32="","",C32) | Y32: =IF(B32="","",D32) | Z32: =IF(B32="","",IF(G32=$C$2,I32,L32)) | AA32: =IF(B32="","",VLOOKUP(S32,$AC$3:$AD$14,2,FALSE)) | AF32: Week: | AG32: =Dashboard!AN32 -> 11
V33: =IF(E33="","",E33) | W33: =IF(B33="","",B33) | X33: =IF(B33="","",C33) | Y33: =IF(B33="","",D33) | Z33: =IF(B33="","",IF(G33=$C$2,I33,L33)) | AA33: =IF(B33="","",VLOOKUP(S33,$AC$3:$AD$14,2,FALSE)) | AF33: Order: | AG33: Omschrijving | AH33: Klant: | AI33: Uren: | AJ33: Status:
V34: =IF(E34="","",E34) | W34: =IF(B34="","",B34) | X34: =IF(B34="","",C34) | Y34: =IF(B34="","",D34) | Z34: =IF(B34="","",IF(G34=$C$2,I34,L34)) | AA34: =IF(B34="","",VLOOKUP(S34,$AC$3:$AD$14,2,FALSE)) | AF34: {=_xlfn._xlws.FILTER($W$4:$AA$100,$V$4:$V$100=AG32,"")}
V35: =IF(E35="","",E35) | W35: =IF(B35="","",B35) | X35: =IF(B35="","",C35) | Y35: =IF(B35="","",D35) | Z35: =IF(B35="","",IF(G35=$C$2,I35,L35)) | AA35: =IF(B35="","",VLOOKUP(S35,$AC$3:$AD$14,2,FALSE))
V36: =IF(E36="","",E36) | W36: =IF(B36="","",B36) | X36: =IF(B36="","",C36) | Y36: =IF(B36="","",D36) | Z36: =IF(B36="","",IF(G36=$C$2,I36,L36)) | AA36: =IF(B36="","",VLOOKUP(S36,$AC$3:$AD$14,2,FALSE))
V37: =IF(E37="","",E37) | W37: =IF(B37="","",B37) | X37: =IF(B37="","",C37) | Y37: =IF(B37="","",D37) | Z37: =IF(B37="","",IF(G37=$C$2,I37,L37)) | AA37: =IF(B37="","",VLOOKUP(S37,$AC$3:$AD$14,2,FALSE))
V38: =IF(E38="","",E38) | W38: =IF(B38="","",B38) | X38: =IF(B38="","",C38) | Y38: =IF(B38="","",D38) | Z38: =IF(B38="","",IF(G38=$C$2,I38,L38)) | AA38: =IF(B38="","",VLOOKUP(S38,$AC$3:$AD$14,2,FALSE))
V39: =IF(E39="","",E39) | W39: =IF(B39="","",B39) | X39: =IF(B39="","",C39) | Y39: =IF(B39="","",D39) | Z39: =IF(B39="","",IF(G39=$C$2,I39,L39)) | AA39: =IF(B39="","",VLOOKUP(S39,$AC$3:$AD$14,2,FALSE))
V40: =IF(E40="","",E40) | W40: =IF(B40="","",B40) | X40: =IF(B40="","",C40) | Y40: =IF(B40="","",D40) | Z40: =IF(B40="","",IF(G40=$C$2,I40,L40)) | AA40: =IF(B40="","",VLOOKUP(S40,$AC$3:$AD$14,2,FALSE))
V41: =IF(E41="","",E41) | W41: =IF(B41="","",B41) | X41: =IF(B41="","",C41) | Y41: =IF(B41="","",D41) | Z41: =IF(B41="","",IF(G41=$C$2,I41,L41)) | AA41: =IF(B41="","",VLOOKUP(S41,$AC$3:$AD$14,2,FALSE))
V42: =IF(E42="","",E42) | W42: =IF(B42="","",B42) | X42: =IF(B42="","",C42) | Y42: =IF(B42="","",D42) | Z42: =IF(B42="","",IF(G42=$C$2,I42,L42)) | AA42: =IF(B42="","",VLOOKUP(S42,$AC$3:$AD$14,2,FALSE))
V43: =IF(E43="","",E43) | W43: =IF(B43="","",B43) | X43: =IF(B43="","",C43) | Y43: =IF(B43="","",D43) | Z43: =IF(B43="","",IF(G43=$C$2,I43,L43)) | AA43: =IF(B43="","",VLOOKUP(S43,$AC$3:$AD$14,2,FALSE))
V44: =IF(E44="","",E44) | W44: =IF(B44="","",B44) | X44: =IF(B44="","",C44) | Y44: =IF(B44="","",D44) | Z44: =IF(B44="","",IF(G44=$C$2,I44,L44)) | AA44: =IF(B44="","",VLOOKUP(S44,$AC$3:$AD$14,2,FALSE))
V45: =IF(E45="","",E45) | W45: =IF(B45="","",B45) | X45: =IF(B45="","",C45) | Y45: =IF(B45="","",D45) | Z45: =IF(B45="","",IF(G45=$C$2,I45,L45)) | AA45: =IF(B45="","",VLOOKUP(S45,$AC$3:$AD$14,2,FALSE)) | AF45: Totaal | AI45: =SUM(AI34:AI44) -> 0
V46: =IF(E46="","",E46) | W46: =IF(B46="","",B46) | X46: =IF(B46="","",C46) | Y46: =IF(B46="","",D46) | Z46: =IF(B46="","",IF(G46=$C$2,I46,L46)) | AA46: =IF(B46="","",VLOOKUP(S46,$AC$3:$AD$14,2,FALSE))
V47: =IF(E47="","",E47) | W47: =IF(B47="","",B47) | X47: =IF(B47="","",C47) | Y47: =IF(B47="","",D47) | Z47: =IF(B47="","",IF(G47=$C$2,I47,L47)) | AA47: =IF(B47="","",VLOOKUP(S47,$AC$3:$AD$14,2,FALSE))
V48: =IF(E48="","",E48) | W48: =IF(B48="","",B48) | X48: =IF(B48="","",C48) | Y48: =IF(B48="","",D48) | Z48: =IF(B48="","",IF(G48=$C$2,I48,L48)) | AA48: =IF(B48="","",VLOOKUP(S48,$AC$3:$AD$14,2,FALSE))
V49: =IF(E49="","",E49) | W49: =IF(B49="","",B49) | X49: =IF(B49="","",C49) | Y49: =IF(B49="","",D49) | Z49: =IF(B49="","",IF(G49=$C$2,I49,L49)) | AA49: =IF(B49="","",VLOOKUP(S49,$AC$3:$AD$14,2,FALSE))
V50: =IF(E50="","",E50) | W50: =IF(B50="","",B50) | X50: =IF(B50="","",C50) | Y50: =IF(B50="","",D50) | Z50: =IF(B50="","",IF(G50=$C$2,I50,L50)) | AA50: =IF(B50="","",VLOOKUP(S50,$AC$3:$AD$14,2,FALSE))
V51: =IF(E51="","",E51) | W51: =IF(B51="","",B51) | X51: =IF(B51="","",C51) | Y51: =IF(B51="","",D51) | Z51: =IF(B51="","",IF(G51=$C$2,I51,L51)) | AA51: =IF(B51="","",VLOOKUP(S51,$AC$3:$AD$14,2,FALSE))
V52: =IF(E52="","",E52) | W52: =IF(B52="","",B52) | X52: =IF(B52="","",C52) | Y52: =IF(B52="","",D52) | Z52: =IF(B52="","",IF(G52=$C$2,I52,L52)) | AA52: =IF(B52="","",VLOOKUP(S52,$AC$3:$AD$14,2,FALSE))
V53: =IF(E53="","",E53) | W53: =IF(B53="","",B53) | X53: =IF(B53="","",C53) | Y53: =IF(B53="","",D53) | Z53: =IF(B53="","",IF(G53=$C$2,I53,L53)) | AA53: =IF(B53="","",VLOOKUP(S53,$AC$3:$AD$14,2,FALSE))
V54: =IF(E54="","",E54) | W54: =IF(B54="","",B54) | X54: =IF(B54="","",C54) | Y54: =IF(B54="","",D54) | Z54: =IF(B54="","",IF(G54=$C$2,I54,L54)) | AA54: =IF(B54="","",VLOOKUP(S54,$AC$3:$AD$14,2,FALSE))
V55: =IF(E55="","",E55) | W55: =IF(B55="","",B55) | X55: =IF(B55="","",C55) | Y55: =IF(B55="","",D55) | Z55: =IF(B55="","",IF(G55=$C$2,I55,L55)) | AA55: =IF(B55="","",VLOOKUP(S55,$AC$3:$AD$14,2,FALSE))
V56: =IF(E56="","",E56) | W56: =IF(B56="","",B56) | X56: =IF(B56="","",C56) | Y56: =IF(B56="","",D56) | Z56: =IF(B56="","",IF(G56=$C$2,I56,L56)) | AA56: =IF(B56="","",VLOOKUP(S56,$AC$3:$AD$14,2,FALSE))
V57: =IF(E57="","",E57) | W57: =IF(B57="","",B57) | X57: =IF(B57="","",C57) | Y57: =IF(B57="","",D57) | Z57: =IF(B57="","",IF(G57=$C$2,I57,L57)) | AA57: =IF(B57="","",VLOOKUP(S57,$AC$3:$AD$14,2,FALSE))
... V100: =IF(E100="","",E100) | W100: =IF(B100="","",B100) | X100: =IF(B100="","",C100) | Y100: =IF(B100="","",D100) | Z100: =IF(B100="","",IF(G100=$C$2,I100,L100)) | AA100: =IF(B100="","",VLOOKUP(S100,$AC$3:$AD$14,2,FALSE))

Sheet Ber. Planning Overig
B2: Medewerker: | C2: Overig | AC2: Omrekening status: | AF2: Week: | AG2: =Dashboard!E32 -> 9
B3: Ordernummer: | C3: Omschrijving: | D3: Klant: | E3: Week: | F3: Totale uren: | G3: Medewerker 1: | H3: % uren 1: | I3: Uren 1: | J3: Medewerker 2: | K3: % uren 2: | L3: Uren 2: | M3: Medewerker 3: | N3: % uren 3: | O3: Uren 3: | P3: Controle % | Q3: Datum coater/verzinkerij: | R3: Datum gereed: | S3: Status: | T3: Hulpmaterialen: | V3: Week: | W3: Order: | X3: Omschrijving | Y3: Klant: | Z3: Uren: | AA3: Status: | AC3: Status: | AD3: Nummer: | AF3: Order: | AG3: Omschrijving | AH3: Klant: | AI3: Uren: | AJ3: Status:
B4: {=_xlfn._xlws.FILTER('Ber. Planning Totaal'!B4:T1000,('Ber. Planning Totaal'!G4:G1000=C2)+('Ber. Planning Totaal'!J4:J1000=C2)+('Ber. Planning Totaal'!M4:M1000=C2))} -> #VALUE! | V4: =IF(E4="","",E4) | W4: =IF(B4="","",B4) -> #VALUE! | X4: =IF(B4="","",C4) -> #VALUE! | Y4: =IF(B4="","",D4) -> #VALUE! | Z4: =IF(B4="","",IF(G4=$C$2,I4,L4)) -> #VALUE! | AA4: =IF(B4="","",VLOOKUP(S4,$AC$3:$AD$14,2,FALSE)) -> #VALUE! | AC4: 1 - Werkvoorbereiding | AD4: 1 | AF4: {=_xlfn._xlws.FILTER($W$4:$AA$100,$V$4:$V$100=AG2,"")}
V5: =IF(E5="","",E5) | W5: =IF(B5="","",B5) | X5: =IF(B5="","",C5) | Y5: =IF(B5="","",D5) | Z5: =IF(B5="","",IF(G5=$C$2,I5,L5)) | AA5: =IF(B5="","",VLOOKUP(S5,$AC$3:$AD$14,2,FALSE)) | AC5: 2 - Materiaal deels besteld | AD5: 2
V6: =IF(E6="","",E6) | W6: =IF(B6="","",B6) | X6: =IF(B6="","",C6) | Y6: =IF(B6="","",D6) | Z6: =IF(B6="","",IF(G6=$C$2,I6,L6)) | AA6: =IF(B6="","",VLOOKUP(S6,$AC$3:$AD$14,2,FALSE)) | AC6: 3 - Materiaal besteld | AD6: 3
V7: =IF(E7="","",E7) | W7: =IF(B7="","",B7) | X7: =IF(B7="","",C7) | Y7: =IF(B7="","",D7) | Z7: =IF(B7="","",IF(G7=$C$2,I7,L7)) | AA7: =IF(B7="","",VLOOKUP(S7,$AC$3:$AD$14,2,FALSE)) | AC7: 4 - Materiaal binnen | AD7: 4
V8: =IF(E8="","",E8) | W8: =IF(B8="","",B8) | X8: =IF(B8="","",C8) | Y8: =IF(B8="","",D8) | Z8: =IF(B8="","",IF(G8=$C$2,I8,L8)) | AA8: =IF(B8="","",VLOOKUP(S8,$AC$3:$AD$14,2,FALSE)) | AC8: 5 - Voorbereiden (Nobelweg 2B) | AD8: 5
V9: =IF(E9="","",E9) | W9: =IF(B9="","",B9) | X9: =IF(B9="","",C9) | Y9: =IF(B9="","",D9) | Z9: =IF(B9="","",IF(G9=$C$2,I9,L9)) | AA9: =IF(B9="","",VLOOKUP(S9,$AC$3:$AD$14,2,FALSE)) | AC9: 6 - In productie (Nobelweg 3) | AD9: 6
V10: =IF(E10="","",E10) | W10: =IF(B10="","",B10) | X10: =IF(B10="","",C10) | Y10: =IF(B10="","",D10) | Z10: =IF(B10="","",IF(G10=$C$2,I10,L10)) | AA10: =IF(B10="","",VLOOKUP(S10,$AC$3:$AD$14,2,FALSE)) | AC10: 7 - Klaar voor coater/verzinkerij | AD10: 7
V11: =IF(E11="","",E11) | W11: =IF(B11="","",B11) | X11: =IF(B11="","",C11) | Y11: =IF(B11="","",D11) | Z11: =IF(B11="","",IF(G11=$C$2,I11,L11)) | AA11: =IF(B11="","",VLOOKUP(S11,$AC$3:$AD$14,2,FALSE)) | AC11: 8 - Bij coater/verzinkerij | AD11: 8
V12: =IF(E12="","",E12) | W12: =IF(B12="","",B12) | X12: =IF(B12="","",C12) | Y12: =IF(B12="","",D12) | Z12: =IF(B12="","",IF(G12=$C$2,I12,L12)) | AA12: =IF(B12="","",VLOOKUP(S12,$AC$3:$AD$14,2,FALSE)) | AC12: 9 - Gereed, kan worden opgehaald | AD12: 9
V13: =IF(E13="","",E13) | W13: =IF(B13="","",B13) | X13: =IF(B13="","",C13) | Y13: =IF(B13="","",D13) | Z13: =IF(B13="","",IF(G13=$C$2,I13,L13)) | AA13: =IF(B13="","",VLOOKUP(S13,$AC$3:$AD$14,2,FALSE)) | AC13: 10 - Afgeleverd | AD13: 10
V14: =IF(E14="","",E14) | W14: =IF(B14="","",B14) | X14: =IF(B14="","",C14) | Y14: =IF(B14="","",D14) | Z14: =IF(B14="","",IF(G14=$C$2,I14,L14)) | AA14: =IF(B14="","",VLOOKUP(S14,$AC$3:$AD$14,2,FALSE)) | AC14: UITBESTEED | AD14: U
V15: =IF(E15="","",E15) | W15: =IF(B15="","",B15) | X15: =IF(B15="","",C15) | Y15: =IF(B15="","",D15) | Z15: =IF(B15="","",IF(G15=$C$2,I15,L15)) | AA15: =IF(B15="","",VLOOKUP(S15,$AC$3:$AD$14,2,FALSE)) | AF15: Totaal | AI15: =SUM(AI4:AI14) -> 0
V16: =IF(E16="","",E16) | W16: =IF(B16="","",B16) | X16: =IF(B16="","",C16) | Y16: =IF(B16="","",D16) | Z16: =IF(B16="","",IF(G16=$C$2,I16,L16)) | AA16: =IF(B16="","",VLOOKUP(S16,$AC$3:$AD$14,2,FALSE))
V17: =IF(E17="","",E17) | W17: =IF(B17="","",B17) | X17: =IF(B17="","",C17) | Y17: =IF(B17="","",D17) | Z17: =IF(B17="","",IF(G17=$C$2,I17,L17)) | AA17: =IF(B17="","",VLOOKUP(S17,$AC$3:$AD$14,2,FALSE)) | AF17: Week: | AG17: =Dashboard!U32 -> 10
V18: =IF(E18="","",E18) | W18: =IF(B18="","",B18) | X18: =IF(B18="","",C18) | Y18: =IF(B18="","",D18) | Z18: =IF(B18="","",IF(G18=$C$2,I18,L18)) | AA18: =IF(B18="","",VLOOKUP(S18,$AC$3:$AD$14,2,FALSE)) | AF18: Order: | AG18: Omschrijving | AH18: Klant: | AI18: Uren: | AJ18: Status:
V19: =IF(E19="","",E19) | W19: =IF(B19="","",B19) | X19: =IF(B19="","",C19) | Y19: =IF(B19="","",D19) | Z19: =IF(B19="","",IF(G19=$C$2,I19,L19)) | AA19: =IF(B19="","",VLOOKUP(S19,$AC$3:$AD$14,2,FALSE)) | AF19: {=_xlfn._xlws.FILTER($W$4:$AA$100,$V$4:$V$100=AG17,"")}
V20: =IF(E20="","",E20) | W20: =IF(B20="","",B20) | X20: =IF(B20="","",C20) | Y20: =IF(B20="","",D20) | Z20: =IF(B20="","",IF(G20=$C$2,I20,L20)) | AA20: =IF(B20="","",VLOOKUP(S20,$AC$3:$AD$14,2,FALSE))
V21: =IF(E21="","",E21) | W21: =IF(B21="","",B21) | X21: =IF(B21="","",C21) | Y21: =IF(B21="","",D21) | Z21: =IF(B21="","",IF(G21=$C$2,I21,L21)) | AA21: =IF(B21="","",VLOOKUP(S21,$AC$3:$AD$14,2,FALSE))
V22: =IF(E22="","",E22) | W22: =IF(B22="","",B22) | X22: =IF(B22="","",C22) | Y22: =IF(B22="","",D22) | Z22: =IF(B22="","",IF(G22=$C$2,I22,L22)) | AA22: =IF(B22="","",VLOOKUP(S22,$AC$3:$AD$14,2,FALSE))
V23: =IF(E23="","",E23) | W23: =IF(B23="","",B23) | X23: =IF(B23="","",C23) | Y23: =IF(B23="","",D23) | Z23: =IF(B23="","",IF(G23=$C$2,I23,L23)) | AA23: =IF(B23="","",VLOOKUP(S23,$AC$3:$AD$14,2,FALSE))
V24: =IF(E24="","",E24) | W24: =IF(B24="","",B24) | X24: =IF(B24="","",C24) | Y24: =IF(B24="","",D24) | Z24: =IF(B24="","",IF(G24=$C$2,I24,L24)) | AA24: =IF(B24="","",VLOOKUP(S24,$AC$3:$AD$14,2,FALSE))
V25: =IF(E25="","",E25) | W25: =IF(B25="","",B25) | X25: =IF(B25="","",C25) | Y25: =IF(B25="","",D25) | Z25: =IF(B25="","",IF(G25=$C$2,I25,L25)) | AA25: =IF(B25="","",VLOOKUP(S25,$AC$3:$AD$14,2,FALSE))
V26: =IF(E26="","",E26) | W26: =IF(B26="","",B26) | X26: =IF(B26="","",C26) | Y26: =IF(B26="","",D26) | Z26: =IF(B26="","",IF(G26=$C$2,I26,L26)) | AA26: =IF(B26="","",VLOOKUP(S26,$AC$3:$AD$14,2,FALSE))
V27: =IF(E27="","",E27) | W27: =IF(B27="","",B27) | X27: =IF(B27="","",C27) | Y27: =IF(B27="","",D27) | Z27: =IF(B27="","",IF(G27=$C$2,I27,L27)) | AA27: =IF(B27="","",VLOOKUP(S27,$AC$3:$AD$14,2,FALSE))
V28: =IF(E28="","",E28) | W28: =IF(B28="","",B28) | X28: =IF(B28="","",C28) | Y28: =IF(B28="","",D28) | Z28: =IF(B28="","",IF(G28=$C$2,I28,L28)) | AA28: =IF(B28="","",VLOOKUP(S28,$AC$3:$AD$14,2,FALSE))
V29: =IF(E29="","",E29) | W29: =IF(B29="","",B29) | X29: =IF(B29="","",C29) | Y29: =IF(B29="","",D29) | Z29: =IF(B29="","",IF(G29=$C$2,I29,L29)) | AA29: =IF(B29="","",VLOOKUP(S29,$AC$3:$AD$14,2,FALSE))
V30: =IF(E30="","",E30) | W30: =IF(B30="","",B30) | X30: =IF(B30="","",C30) | Y30: =IF(B30="","",D30) | Z30: =IF(B30="","",IF(G30=$C$2,I30,L30)) | AA30: =IF(B30="","",VLOOKUP(S30,$AC$3:$AD$14,2,FALSE)) | AF30: Totaal | AI30: =SUM(AI19:AI29) -> 0
V31: =IF(E31="","",E31) | W31: =IF(B31="","",B31) | X31: =IF(B31="","",C31) | Y31: =IF(B31="","",D31) | Z31: =IF(B31="","",IF(G31=$C$2,I31,L31)) | AA31: =IF(B31="","",VLOOKUP(S31,$AC$3:$AD$14,2,FALSE))
V32: =IF(E32="","",E32) | W32: =IF(B32="","",B32) | X32: =IF(B32="","",C32) | Y32: =IF(B32="","",D32) | Z32: =IF(B32="","",IF(G32=$C$2,I32,L32)) | AA32: =IF(B32="","",VLOOKUP(S32,$AC$3:$AD$14,2,FALSE)) | AF32: Week: | AG32: =Dashboard!AN32 -> 11
V33: =IF(E33="","",E33) | W33: =IF(B33="","",B33) | X33: =IF(B33="","",C33) | Y33: =IF(B33="","",D33) | Z33: =IF(B33="","",IF(G33=$C$2,I33,L33)) | AA33: =IF(B33="","",VLOOKUP(S33,$AC$3:$AD$14,2,FALSE)) | AF33: Order: | AG33: Omschrijving | AH33: Klant: | AI33: Uren: | AJ33: Status:
V34: =IF(E34="","",E34) | W34: =IF(B34="","",B34) | X34: =IF(B34="","",C34) | Y34: =IF(B34="","",D34) | Z34: =IF(B34="","",IF(G34=$C$2,I34,L34)) | AA34: =IF(B34="","",VLOOKUP(S34,$AC$3:$AD$14,2,FALSE)) | AF34: {=_xlfn._xlws.FILTER($W$4:$AA$100,$V$4:$V$100=AG32,"")}
V35: =IF(E35="","",E35) | W35: =IF(B35="","",B35) | X35: =IF(B35="","",C35) | Y35: =IF(B35="","",D35) | Z35: =IF(B35="","",IF(G35=$C$2,I35,L35)) | AA35: =IF(B35="","",VLOOKUP(S35,$AC$3:$AD$14,2,FALSE))
V36: =IF(E36="","",E36) | W36: =IF(B36="","",B36) | X36: =IF(B36="","",C36) | Y36: =IF(B36="","",D36) | Z36: =IF(B36="","",IF(G36=$C$2,I36,L36)) | AA36: =IF(B36="","",VLOOKUP(S36,$AC$3:$AD$14,2,FALSE))
V37: =IF(E37="","",E37) | W37: =IF(B37="","",B37) | X37: =IF(B37="","",C37) | Y37: =IF(B37="","",D37) | Z37: =IF(B37="","",IF(G37=$C$2,I37,L37)) | AA37: =IF(B37="","",VLOOKUP(S37,$AC$3:$AD$14,2,FALSE))
V38: =IF(E38="","",E38) | W38: =IF(B38="","",B38) | X38: =IF(B38="","",C38) | Y38: =IF(B38="","",D38) | Z38: =IF(B38="","",IF(G38=$C$2,I38,L38)) | AA38: =IF(B38="","",VLOOKUP(S38,$AC$3:$AD$14,2,FALSE))
V39: =IF(E39="","",E39) | W39: =IF(B39="","",B39) | X39: =IF(B39="","",C39) | Y39: =IF(B39="","",D39) | Z39: =IF(B39="","",IF(G39=$C$2,I39,L39)) | AA39: =IF(B39="","",VLOOKUP(S39,$AC$3:$AD$14,2,FALSE))
V40: =IF(E40="","",E40) | W40: =IF(B40="","",B40) | X40: =IF(B40="","",C40) | Y40: =IF(B40="","",D40) | Z40: =IF(B40="","",IF(G40=$C$2,I40,L40)) | AA40: =IF(B40="","",VLOOKUP(S40,$AC$3:$AD$14,2,FALSE))
V41: =IF(E41="","",E41) | W41: =IF(B41="","",B41) | X41: =IF(B41="","",C41) | Y41: =IF(B41="","",D41) | Z41: =IF(B41="","",IF(G41=$C$2,I41,L41)) | AA41: =IF(B41="","",VLOOKUP(S41,$AC$3:$AD$14,2,FALSE))
V42: =IF(E42="","",E42) | W42: =IF(B42="","",B42) | X42: =IF(B42="","",C42) | Y42: =IF(B42="","",D42) | Z42: =IF(B42="","",IF(G42=$C$2,I42,L42)) | AA42: =IF(B42="","",VLOOKUP(S42,$AC$3:$AD$14,2,FALSE))
V43: =IF(E43="","",E43) | W43: =IF(B43="","",B43) | X43: =IF(B43="","",C43) | Y43: =IF(B43="","",D43) | Z43: =IF(B43="","",IF(G43=$C$2,I43,L43)) | AA43: =IF(B43="","",VLOOKUP(S43,$AC$3:$AD$14,2,FALSE))
V44: =IF(E44="","",E44) | W44: =IF(B44="","",B44) | X44: =IF(B44="","",C44) | Y44: =IF(B44="","",D44) | Z44: =IF(B44="","",IF(G44=$C$2,I44,L44)) | AA44: =IF(B44="","",VLOOKUP(S44,$AC$3:$AD$14,2,FALSE))
V45: =IF(E45="","",E45) | W45: =IF(B45="","",B45) | X45: =IF(B45="","",C45) | Y45: =IF(B45="","",D45) | Z45: =IF(B45="","",IF(G45=$C$2,I45,L45)) | AA45: =IF(B45="","",VLOOKUP(S45,$AC$3:$AD$14,2,FALSE)) | AF45: Totaal | AI45: =SUM(AI34:AI44) -> 0
V46: =IF(E46="","",E46) | W46: =IF(B46="","",B46) | X46: =IF(B46="","",C46) | Y46: =IF(B46="","",D46) | Z46: =IF(B46="","",IF(G46=$C$2,I46,L46)) | AA46: =IF(B46="","",VLOOKUP(S46,$AC$3:$AD$14,2,FALSE))
V47: =IF(E47="","",E47) | W47: =IF(B47="","",B47) | X47: =IF(B47="","",C47) | Y47: =IF(B47="","",D47) | Z47: =IF(B47="","",IF(G47=$C$2,I47,L47)) | AA47: =IF(B47="","",VLOOKUP(S47,$AC$3:$AD$14,2,FALSE))
V48: =IF(E48="","",E48) | W48: =IF(B48="","",B48) | X48: =IF(B48="","",C48) | Y48: =IF(B48="","",D48) | Z48: =IF(B48="","",IF(G48=$C$2,I48,L48)) | AA48: =IF(B48="","",VLOOKUP(S48,$AC$3:$AD$14,2,FALSE))
V49: =IF(E49="","",E49) | W49: =IF(B49="","",B49) | X49: =IF(B49="","",C49) | Y49: =IF(B49="","",D49) | Z49: =IF(B49="","",IF(G49=$C$2,I49,L49)) | AA49: =IF(B49="","",VLOOKUP(S49,$AC$3:$AD$14,2,FALSE))
V50: =IF(E50="","",E50) | W50: =IF(B50="","",B50) | X50: =IF(B50="","",C50) | Y50: =IF(B50="","",D50) | Z50: =IF(B50="","",IF(G50=$C$2,I50,L50)) | AA50: =IF(B50="","",VLOOKUP(S50,$AC$3:$AD$14,2,FALSE))
V51: =IF(E51="","",E51) | W51: =IF(B51="","",B51) | X51: =IF(B51="","",C51) | Y51: =IF(B51="","",D51) | Z51: =IF(B51="","",IF(G51=$C$2,I51,L51)) | AA51: =IF(B51="","",VLOOKUP(S51,$AC$3:$AD$14,2,FALSE))
V52: =IF(E52="","",E52) | W52: =IF(B52="","",B52) | X52: =IF(B52="","",C52) | Y52: =IF(B52="","",D52) | Z52: =IF(B52="","",IF(G52=$C$2,I52,L52)) | AA52: =IF(B52="","",VLOOKUP(S52,$AC$3:$AD$14,2,FALSE))
V53: =IF(E53="","",E53) | W53: =IF(B53="","",B53) | X53: =IF(B53="","",C53) | Y53: =IF(B53="","",D53) | Z53: =IF(B53="","",IF(G53=$C$2,I53,L53)) | AA53: =IF(B53="","",VLOOKUP(S53,$AC$3:$AD$14,2,FALSE))
V54: =IF(E54="","",E54) | W54: =IF(B54="","",B54) | X54: =IF(B54="","",C54) | Y54: =IF(B54="","",D54) | Z54: =IF(B54="","",IF(G54=$C$2,I54,L54)) | AA54: =IF(B54="","",VLOOKUP(S54,$AC$3:$AD$14,2,FALSE))
V55: =IF(E55="","",E55) | W55: =IF(B55="","",B55) | X55: =IF(B55="","",C55) | Y55: =IF(B55="","",D55) | Z55: =IF(B55="","",IF(G55=$C$2,I55,L55)) | AA55: =IF(B55="","",VLOOKUP(S55,$AC$3:$AD$14,2,FALSE))
V56: =IF(E56="","",E56) | W56: =IF(B56="","",B56) | X56: =IF(B56="","",C56) | Y56: =IF(B56="","",D56) | Z56: =IF(B56="","",IF(G56=$C$2,I56,L56)) | AA56: =IF(B56="","",VLOOKUP(S56,$AC$3:$AD$14,2,FALSE))
V57: =IF(E57="","",E57) | W57: =IF(B57="","",B57) | X57: =IF(B57="","",C57) | Y57: =IF(B57="","",D57) | Z57: =IF(B57="","",IF(G57=$C$2,I57,L57)) | AA57: =IF(B57="","",VLOOKUP(S57,$AC$3:$AD$14,2,FALSE))
... V100: =IF(E100="","",E100) | W100: =IF(B100="","",B100) | X100: =IF(B100="","",C100) | Y100: =IF(B100="","",D100) | Z100: =IF(B100="","",IF(G100=$C$2,I100,L100)) | AA100: =IF(B100="","",VLOOKUP(S100,$AC$3:$AD$14,2,FALSE))

Sheet Ber. Goed ingevuld
B3: 1 - Werkvoobereiding | H3: 4 - Materiaal binnen | N3: 7 - Klaar voor coater/verzinkerij
B4: Ordernummer | C4: Omschrijving | D4: Klant | E4: Week | F4: Werknemer 1 | H4: Ordernummer | I4: Omschrijving | J4: Klant | K4: Week | L4: Werknemer 1 | N4: Ordernummer | O4: Omschrijving | P4: Klant | Q4: Week | R4: Werknemer 1
B5: =IFERROR(IF('Ber. st. 1'!B4=0,"",'Ber. st. 1'!B4),"") | C5: =IF('Ber. st. 1'!C4=0,"",'Ber. st. 1'!C4) | D5: =IF('Ber. st. 1'!D4=0,"",'Ber. st. 1'!D4) | E5: =IF('Ber. st. 1'!E4=0,"",'Ber. st. 1'!E4) | F5: =IF('Ber. st. 1'!G4=0,"",'Ber. st. 1'!G4) | H5: =IFERROR(IF('Ber. st. 4'!B4=0,"",'Ber. st. 4'!B4),"") | I5: =IF('Ber. st. 4'!C4=0,"",'Ber. st. 4'!C4) | J5: =IF('Ber. st. 4'!D4=0,"",'Ber. st. 4'!D4) | K5: =IF('Ber. st. 4'!E4=0,"",'Ber. st. 4'!E4) | L5: =IF('Ber. st. 4'!G4=0,"",'Ber. st. 4'!G4) | N5: =IFERROR(IF('Ber. st. 7'!B4=0,"",'Ber. st. 7'!B4),"") | O5: =IF('Ber. st. 7'!C4=0,"",'Ber. st. 7'!C4) | P5: =IF('Ber. st. 7'!D4=0,"",'Ber. st. 7'!D4) | Q5: =IF('Ber. st. 7'!E4=0,"",'Ber. st. 7'!E4) | R5: =IF('Ber. st. 7'!G4=0,"",'Ber. st. 7'!G4)
B6: =IFERROR(IF('Ber. st. 1'!B5=0,"",'Ber. st. 1'!B5),"") | C6: =IF('Ber. st. 1'!C5=0,"",'Ber. st. 1'!C5) | D6: =IF('Ber. st. 1'!D5=0,"",'Ber. st. 1'!D5) | E6: =IF('Ber. st. 1'!E5=0,"",'Ber. st. 1'!E5) | F6: =IF('Ber. st. 1'!G5=0,"",'Ber. st. 1'!G5) | H6: =IFERROR(IF('Ber. st. 4'!B5=0,"",'Ber. st. 4'!B5),"") | I6: =IF('Ber. st. 4'!C5=0,"",'Ber. st. 4'!C5) | J6: =IF('Ber. st. 4'!D5=0,"",'Ber. st. 4'!D5) | K6: =IF('Ber. st. 4'!E5=0,"",'Ber. st. 4'!E5) | L6: =IF('Ber. st. 4'!G5=0,"",'Ber. st. 4'!G5) | N6: =IFERROR(IF('Ber. st. 7'!B5=0,"",'Ber. st. 7'!B5),"") | O6: =IF('Ber. st. 7'!C5=0,"",'Ber. st. 7'!C5) | P6: =IF('Ber. st. 7'!D5=0,"",'Ber. st. 7'!D5) | Q6: =IF('Ber. st. 7'!E5=0,"",'Ber. st. 7'!E5) | R6: =IF('Ber. st. 7'!G5=0,"",'Ber. st. 7'!G5)
B7: =IFERROR(IF('Ber. st. 1'!B6=0,"",'Ber. st. 1'!B6),"") | C7: =IF('Ber. st. 1'!C6=0,"",'Ber. st. 1'!C6) | D7: =IF('Ber. st. 1'!D6=0,"",'Ber. st. 1'!D6) | E7: =IF('Ber. st. 1'!E6=0,"",'Ber. st. 1'!E6) | F7: =IF('Ber. st. 1'!G6=0,"",'Ber. st. 1'!G6) | H7: =IFERROR(IF('Ber. st. 4'!B6=0,"",'Ber. st. 4'!B6),"") | I7: =IF('Ber. st. 4'!C6=0,"",'Ber. st. 4'!C6) | J7: =IF('Ber. st. 4'!D6=0,"",'Ber. st. 4'!D6) | K7: =IF('Ber. st. 4'!E6=0,"",'Ber. st. 4'!E6) | L7: =IF('Ber. st. 4'!G6=0,"",'Ber. st. 4'!G6) | N7: =IFERROR(IF('Ber. st. 7'!B6=0,"",'Ber. st. 7'!B6),"") | O7: =IF('Ber. st. 7'!C6=0,"",'Ber. st. 7'!C6) | P7: =IF('Ber. st. 7'!D6=0,"",'Ber. st. 7'!D6) | Q7: =IF('Ber. st. 7'!E6=0,"",'Ber. st. 7'!E6) | R7: =IF('Ber. st. 7'!G6=0,"",'Ber. st. 7'!G6)
B8: =IFERROR(IF('Ber. st. 1'!B7=0,"",'Ber. st. 1'!B7),"") | C8: =IF('Ber. st. 1'!C7=0,"",'Ber. st. 1'!C7) | D8: =IF('Ber. st. 1'!D7=0,"",'Ber. st. 1'!D7) | E8: =IF('Ber. st. 1'!E7=0,"",'Ber. st. 1'!E7) | F8: =IF('Ber. st. 1'!G7=0,"",'Ber. st. 1'!G7) | H8: =IFERROR(IF('Ber. st. 4'!B7=0,"",'Ber. st. 4'!B7),"") | I8: =IF('Ber. st. 4'!C7=0,"",'Ber. st. 4'!C7) | J8: =IF('Ber. st. 4'!D7=0,"",'Ber. st. 4'!D7) | K8: =IF('Ber. st. 4'!E7=0,"",'Ber. st. 4'!E7) | L8: =IF('Ber. st. 4'!G7=0,"",'Ber. st. 4'!G7) | N8: =IFERROR(IF('Ber. st. 7'!B7=0,"",'Ber. st. 7'!B7),"") | O8: =IF('Ber. st. 7'!C7=0,"",'Ber. st. 7'!C7) | P8: =IF('Ber. st. 7'!D7=0,"",'Ber. st. 7'!D7) | Q8: =IF('Ber. st. 7'!E7=0,"",'Ber. st. 7'!E7) | R8: =IF('Ber. st. 7'!G7=0,"",'Ber. st. 7'!G7)
B9: =IFERROR(IF('Ber. st. 1'!B8=0,"",'Ber. st. 1'!B8),"") | C9: =IF('Ber. st. 1'!C8=0,"",'Ber. st. 1'!C8) | D9: =IF('Ber. st. 1'!D8=0,"",'Ber. st. 1'!D8) | E9: =IF('Ber. st. 1'!E8=0,"",'Ber. st. 1'!E8) | F9: =IF('Ber. st. 1'!G8=0,"",'Ber. st. 1'!G8) | H9: =IFERROR(IF('Ber. st. 4'!B8=0,"",'Ber. st. 4'!B8),"") | I9: =IF('Ber. st. 4'!C8=0,"",'Ber. st. 4'!C8) | J9: =IF('Ber. st. 4'!D8=0,"",'Ber. st. 4'!D8) | K9: =IF('Ber. st. 4'!E8=0,"",'Ber. st. 4'!E8) | L9: =IF('Ber. st. 4'!G8=0,"",'Ber. st. 4'!G8) | N9: =IFERROR(IF('Ber. st. 7'!B8=0,"",'Ber. st. 7'!B8),"") | O9: =IF('Ber. st. 7'!C8=0,"",'Ber. st. 7'!C8) | P9: =IF('Ber. st. 7'!D8=0,"",'Ber. st. 7'!D8) | Q9: =IF('Ber. st. 7'!E8=0,"",'Ber. st. 7'!E8) | R9: =IF('Ber. st. 7'!G8=0,"",'Ber. st. 7'!G8)
B10: =IFERROR(IF('Ber. st. 1'!B9=0,"",'Ber. st. 1'!B9),"") | C10: =IF('Ber. st. 1'!C9=0,"",'Ber. st. 1'!C9) | D10: =IF('Ber. st. 1'!D9=0,"",'Ber. st. 1'!D9) | E10: =IF('Ber. st. 1'!E9=0,"",'Ber. st. 1'!E9) | F10: =IF('Ber. st. 1'!G9=0,"",'Ber. st. 1'!G9) | H10: =IFERROR(IF('Ber. st. 4'!B9=0,"",'Ber. st. 4'!B9),"") | I10: =IF('Ber. st. 4'!C9=0,"",'Ber. st. 4'!C9) | J10: =IF('Ber. st. 4'!D9=0,"",'Ber. st. 4'!D9) | K10: =IF('Ber. st. 4'!E9=0,"",'Ber. st. 4'!E9) | L10: =IF('Ber. st. 4'!G9=0,"",'Ber. st. 4'!G9) | N10: =IFERROR(IF('Ber. st. 7'!B9=0,"",'Ber. st. 7'!B9),"") | O10: =IF('Ber. st. 7'!C9=0,"",'Ber. st. 7'!C9) | P10: =IF('Ber. st. 7'!D9=0,"",'Ber. st. 7'!D9) | Q10: =IF('Ber. st. 7'!E9=0,"",'Ber. st. 7'!E9) | R10: =IF('Ber. st. 7'!G9=0,"",'Ber. st. 7'!G9)
B11: =IFERROR(IF('Ber. st. 1'!B10=0,"",'Ber. st. 1'!B10),"") | C11: =IF('Ber. st. 1'!C10=0,"",'Ber. st. 1'!C10) | D11: =IF('Ber. st. 1'!D10=0,"",'Ber. st. 1'!D10) | E11: =IF('Ber. st. 1'!E10=0,"",'Ber. st. 1'!E10) | F11: =IF('Ber. st. 1'!G10=0,"",'Ber. st. 1'!G10) | H11: =IFERROR(IF('Ber. st. 4'!B10=0,"",'Ber. st. 4'!B10),"") | I11: =IF('Ber. st. 4'!C10=0,"",'Ber. st. 4'!C10) | J11: =IF('Ber. st. 4'!D10=0,"",'Ber. st. 4'!D10) | K11: =IF('Ber. st. 4'!E10=0,"",'Ber. st. 4'!E10) | L11: =IF('Ber. st. 4'!G10=0,"",'Ber. st. 4'!G10) | N11: =IFERROR(IF('Ber. st. 7'!B10=0,"",'Ber. st. 7'!B10),"") | O11: =IF('Ber. st. 7'!C10=0,"",'Ber. st. 7'!C10) | P11: =IF('Ber. st. 7'!D10=0,"",'Ber. st. 7'!D10) | Q11: =IF('Ber. st. 7'!E10=0,"",'Ber. st. 7'!E10) | R11: =IF('Ber. st. 7'!G10=0,"",'Ber. st. 7'!G10)
B13: 2 - Materiaal deels besteld | H13: 5 - Voorbereiden (Nobelweg 2B) | N13: 8 - Bij coater/verzinkerij
B14: Ordernummer | C14: Omschrijving | D14: Klant | E14: Week | F14: Werknemer 1 | H14: Ordernummer | I14: Omschrijving | J14: Klant | K14: Week | L14: Werknemer 1 | N14: Ordernummer | O14: Omschrijving | P14: Klant | Q14: Week | R14: Werknemer 1
B15: =IFERROR(IF('Ber. st. 2'!B4=0,"",'Ber. st. 2'!B4),"") | C15: =IF('Ber. st. 2'!C4=0,"",'Ber. st. 2'!C4) | D15: =IF('Ber. st. 2'!D4=0,"",'Ber. st. 2'!D4) | E15: =IF('Ber. st. 2'!E4=0,"",'Ber. st. 2'!E4) | F15: =IF('Ber. st. 2'!G4=0,"",'Ber. st. 2'!G4) | H15: =IFERROR(IF('Ber. st. 5'!B4=0,"",'Ber. st. 5'!B4),"") | I15: =IF('Ber. st. 5'!C4=0,"",'Ber. st. 5'!C4) | J15: =IF('Ber. st. 5'!D4=0,"",'Ber. st. 5'!D4) | K15: =IF('Ber. st. 5'!E4=0,"",'Ber. st. 5'!E4) | L15: =IF('Ber. st. 5'!G4=0,"",'Ber. st. 5'!G4) | N15: =IFERROR(IF('Ber. st. 8'!B4=0,"",'Ber. st. 8'!B4),"") | O15: =IF('Ber. st. 8'!C4=0,"",'Ber. st. 8'!C4) | P15: =IF('Ber. st. 8'!D4=0,"",'Ber. st. 8'!D4) | Q15: =IF('Ber. st. 8'!E4=0,"",'Ber. st. 8'!E4) | R15: =IF('Ber. st. 8'!G4=0,"",'Ber. st. 8'!G4)
B16: =IFERROR(IF('Ber. st. 2'!B5=0,"",'Ber. st. 2'!B5),"") | C16: =IF('Ber. st. 2'!C5=0,"",'Ber. st. 2'!C5) | D16: =IF('Ber. st. 2'!D5=0,"",'Ber. st. 2'!D5) | E16: =IF('Ber. st. 2'!E5=0,"",'Ber. st. 2'!E5) | F16: =IF('Ber. st. 2'!G5=0,"",'Ber. st. 2'!G5) | H16: =IFERROR(IF('Ber. st. 5'!B5=0,"",'Ber. st. 5'!B5),"") | I16: =IF('Ber. st. 5'!C5=0,"",'Ber. st. 5'!C5) | J16: =IF('Ber. st. 5'!D5=0,"",'Ber. st. 5'!D5) | K16: =IF('Ber. st. 5'!E5=0,"",'Ber. st. 5'!E5) | L16: =IF('Ber. st. 5'!G5=0,"",'Ber. st. 5'!G5) | N16: =IFERROR(IF('Ber. st. 8'!B5=0,"",'Ber. st. 8'!B5),"") | O16: =IF('Ber. st. 8'!C5=0,"",'Ber. st. 8'!C5) | P16: =IF('Ber. st. 8'!D5=0,"",'Ber. st. 8'!D5) | Q16: =IF('Ber. st. 8'!E5=0,"",'Ber. st. 8'!E5) | R16: =IF('Ber. st. 8'!G5=0,"",'Ber. st. 8'!G5)
B17: =IFERROR(IF('Ber. st. 2'!B6=0,"",'Ber. st. 2'!B6),"") | C17: =IF('Ber. st. 2'!C6=0,"",'Ber. st. 2'!C6) | D17: =IF('Ber. st. 2'!D6=0,"",'Ber. st. 2'!D6) | E17: =IF('Ber. st. 2'!E6=0,"",'Ber. st. 2'!E6) | F17: =IF('Ber. st. 2'!G6=0,"",'Ber. st. 2'!G6) | H17: =IFERROR(IF('Ber. st. 5'!B6=0,"",'Ber. st. 5'!B6),"") | I17: =IF('Ber. st. 5'!C6=0,"",'Ber. st. 5'!C6) | J17: =IF('Ber. st. 5'!D6=0,"",'Ber. st. 5'!D6) | K17: =IF('Ber. st. 5'!E6=0,"",'Ber. st. 5'!E6) | L17: =IF('Ber. st. 5'!G6=0,"",'Ber. st. 5'!G6) | N17: =IFERROR(IF('Ber. st. 8'!B6=0,"",'Ber. st. 8'!B6),"") | O17: =IF('Ber. st. 8'!C6=0,"",'Ber. st. 8'!C6) | P17: =IF('Ber. st. 8'!D6=0,"",'Ber. st. 8'!D6) | Q17: =IF('Ber. st. 8'!E6=0,"",'Ber. st. 8'!E6) | R17: =IF('Ber. st. 8'!G6=0,"",'Ber. st. 8'!G6)
B18: =IFERROR(IF('Ber. st. 2'!B7=0,"",'Ber. st. 2'!B7),"") | C18: =IF('Ber. st. 2'!C7=0,"",'Ber. st. 2'!C7) | D18: =IF('Ber. st. 2'!D7=0,"",'Ber. st. 2'!D7) | E18: =IF('Ber. st. 2'!E7=0,"",'Ber. st. 2'!E7) | F18: =IF('Ber. st. 2'!G7=0,"",'Ber. st. 2'!G7) | H18: =IFERROR(IF('Ber. st. 5'!B7=0,"",'Ber. st. 5'!B7),"") | I18: =IF('Ber. st. 5'!C7=0,"",'Ber. st. 5'!C7) | J18: =IF('Ber. st. 5'!D7=0,"",'Ber. st. 5'!D7) | K18: =IF('Ber. st. 5'!E7=0,"",'Ber. st. 5'!E7) | L18: =IF('Ber. st. 5'!G7=0,"",'Ber. st. 5'!G7) | N18: =IFERROR(IF('Ber. st. 8'!B7=0,"",'Ber. st. 8'!B7),"") | O18: =IF('Ber. st. 8'!C7=0,"",'Ber. st. 8'!C7) | P18: =IF('Ber. st. 8'!D7=0,"",'Ber. st. 8'!D7) | Q18: =IF('Ber. st. 8'!E7=0,"",'Ber. st. 8'!E7) | R18: =IF('Ber. st. 8'!G7=0,"",'Ber. st. 8'!G7)
B19: =IFERROR(IF('Ber. st. 2'!B8=0,"",'Ber. st. 2'!B8),"") | C19: =IF('Ber. st. 2'!C8=0,"",'Ber. st. 2'!C8) | D19: =IF('Ber. st. 2'!D8=0,"",'Ber. st. 2'!D8) | E19: =IF('Ber. st. 2'!E8=0,"",'Ber. st. 2'!E8) | F19: =IF('Ber. st. 2'!G8=0,"",'Ber. st. 2'!G8) | H19: =IFERROR(IF('Ber. st. 5'!B8=0,"",'Ber. st. 5'!B8),"") | I19: =IF('Ber. st. 5'!C8=0,"",'Ber. st. 5'!C8) | J19: =IF('Ber. st. 5'!D8=0,"",'Ber. st. 5'!D8) | K19: =IF('Ber. st. 5'!E8=0,"",'Ber. st. 5'!E8) | L19: =IF('Ber. st. 5'!G8=0,"",'Ber. st. 5'!G8) | N19: =IFERROR(IF('Ber. st. 8'!B8=0,"",'Ber. st. 8'!B8),"") | O19: =IF('Ber. st. 8'!C8=0,"",'Ber. st. 8'!C8) | P19: =IF('Ber. st. 8'!D8=0,"",'Ber. st. 8'!D8) | Q19: =IF('Ber. st. 8'!E8=0,"",'Ber. st. 8'!E8) | R19: =IF('Ber. st. 8'!G8=0,"",'Ber. st. 8'!G8)
B21: 3 - Materiaal besteld | H21: 6 - In productie (Nobelweg 3) | N21: 9 - Gereed, kan worden opgehaald
B22: Ordernummer | C22: Omschrijving | D22: Klant | E22: Week | F22: Werknemer 1 | H22: Ordernummer | I22: Omschrijving | J22: Klant | K22: Week | L22: Werknemer 1 | N22: Ordernummer | O22: Omschrijving | P22: Klant | Q22: Week | R22: Werknemer 1
B23: =IFERROR(IF('Ber. st. 3'!B4=0,"",'Ber. st. 3'!B4),"") | C23: =IF('Ber. st. 3'!C4=0,"",'Ber. st. 3'!C4) | D23: =IF('Ber. st. 3'!D4=0,"",'Ber. st. 3'!D4) | E23: =IF('Ber. st. 3'!E4=0,"",'Ber. st. 3'!E4) | F23: =IF('Ber. st. 3'!G4=0,"",'Ber. st. 3'!G4) | H23: =IFERROR(IF('Ber. st. 6'!B4=0,"",'Ber. st. 6'!B4),"") | I23: =IF('Ber. st. 6'!C4=0,"",'Ber. st. 6'!C4) | J23: =IF('Ber. st. 6'!D4=0,"",'Ber. st. 6'!D4) | K23: =IF('Ber. st. 6'!E4=0,"",'Ber. st. 6'!E4) | L23: =IF('Ber. st. 6'!G4=0,"",'Ber. st. 6'!G4) | N23: =IFERROR(IF('Ber. st. 9'!B4=0,"",'Ber. st. 9'!B4),"") | O23: =IF('Ber. st. 9'!C4=0,"",'Ber. st. 9'!C4) | P23: =IF('Ber. st. 9'!D4=0,"",'Ber. st. 9'!D4) | Q23: =IF('Ber. st. 9'!E4=0,"",'Ber. st. 9'!E4) | R23: =IF('Ber. st. 9'!G4=0,"",'Ber. st. 9'!G4)
B24: =IFERROR(IF('Ber. st. 3'!B5=0,"",'Ber. st. 3'!B5),"") | C24: =IF('Ber. st. 3'!C5=0,"",'Ber. st. 3'!C5) | D24: =IF('Ber. st. 3'!D5=0,"",'Ber. st. 3'!D5) | E24: =IF('Ber. st. 3'!E5=0,"",'Ber. st. 3'!E5) | F24: =IF('Ber. st. 3'!G5=0,"",'Ber. st. 3'!G5) | H24: =IFERROR(IF('Ber. st. 6'!B5=0,"",'Ber. st. 6'!B5),"") | I24: =IF('Ber. st. 6'!C5=0,"",'Ber. st. 6'!C5) | J24: =IF('Ber. st. 6'!D5=0,"",'Ber. st. 6'!D5) | K24: =IF('Ber. st. 6'!E5=0,"",'Ber. st. 6'!E5) | L24: =IF('Ber. st. 6'!G5=0,"",'Ber. st. 6'!G5) | N24: =IFERROR(IF('Ber. st. 9'!B5=0,"",'Ber. st. 9'!B5),"") | O24: =IF('Ber. st. 9'!C5=0,"",'Ber. st. 9'!C5) | P24: =IF('Ber. st. 9'!D5=0,"",'Ber. st. 9'!D5) | Q24: =IF('Ber. st. 9'!E5=0,"",'Ber. st. 9'!E5) | R24: =IF('Ber. st. 9'!G5=0,"",'Ber. st. 9'!G5)
B25: =IFERROR(IF('Ber. st. 3'!B6=0,"",'Ber. st. 3'!B6),"") | C25: =IF('Ber. st. 3'!C6=0,"",'Ber. st. 3'!C6) | D25: =IF('Ber. st. 3'!D6=0,"",'Ber. st. 3'!D6) | E25: =IF('Ber. st. 3'!E6=0,"",'Ber. st. 3'!E6) | F25: =IF('Ber. st. 3'!G6=0,"",'Ber. st. 3'!G6) | H25: =IFERROR(IF('Ber. st. 6'!B6=0,"",'Ber. st. 6'!B6),"") | I25: =IF('Ber. st. 6'!C6=0,"",'Ber. st. 6'!C6) | J25: =IF('Ber. st. 6'!D6=0,"",'Ber. st. 6'!D6) | K25: =IF('Ber. st. 6'!E6=0,"",'Ber. st. 6'!E6) | L25: =IF('Ber. st. 6'!G6=0,"",'Ber. st. 6'!G6) | N25: =IFERROR(IF('Ber. st. 9'!B6=0,"",'Ber. st. 9'!B6),"") | O25: =IF('Ber. st. 9'!C6=0,"",'Ber. st. 9'!C6) | P25: =IF('Ber. st. 9'!D6=0,"",'Ber. st. 9'!D6) | Q25: =IF('Ber. st. 9'!E6=0,"",'Ber. st. 9'!E6) | R25: =IF('Ber. st. 9'!G6=0,"",'Ber. st. 9'!G6)
B26: =IFERROR(IF('Ber. st. 3'!B7=0,"",'Ber. st. 3'!B7),"") | C26: =IF('Ber. st. 3'!C7=0,"",'Ber. st. 3'!C7) | D26: =IF('Ber. st. 3'!D7=0,"",'Ber. st. 3'!D7) | E26: =IF('Ber. st. 3'!E7=0,"",'Ber. st. 3'!E7) | F26: =IF('Ber. st. 3'!G7=0,"",'Ber. st. 3'!G7) | H26: =IFERROR(IF('Ber. st. 6'!B7=0,"",'Ber. st. 6'!B7),"") | I26: =IF('Ber. st. 6'!C7=0,"",'Ber. st. 6'!C7) | J26: =IF('Ber. st. 6'!D7=0,"",'Ber. st. 6'!D7) | K26: =IF('Ber. st. 6'!E7=0,"",'Ber. st. 6'!E7) | L26: =IF('Ber. st. 6'!G7=0,"",'Ber. st. 6'!G7) | N26: =IFERROR(IF('Ber. st. 9'!B7=0,"",'Ber. st. 9'!B7),"") | O26: =IF('Ber. st. 9'!C7=0,"",'Ber. st. 9'!C7) | P26: =IF('Ber. st. 9'!D7=0,"",'Ber. st. 9'!D7) | Q26: =IF('Ber. st. 9'!E7=0,"",'Ber. st. 9'!E7) | R26: =IF('Ber. st. 9'!G7=0,"",'Ber. st. 9'!G7)
B27: =IFERROR(IF('Ber. st. 3'!B8=0,"",'Ber. st. 3'!B8),"") | C27: =IF('Ber. st. 3'!C8=0,"",'Ber. st. 3'!C8) | D27: =IF('Ber. st. 3'!D8=0,"",'Ber. st. 3'!D8) | E27: =IF('Ber. st. 3'!E8=0,"",'Ber. st. 3'!E8) | F27: =IF('Ber. st. 3'!G8=0,"",'Ber. st. 3'!G8) | H27: =IFERROR(IF('Ber. st. 6'!B8=0,"",'Ber. st. 6'!B8),"") | I27: =IF('Ber. st. 6'!C8=0,"",'Ber. st. 6'!C8) | J27: =IF('Ber. st. 6'!D8=0,"",'Ber. st. 6'!D8) | K27: =IF('Ber. st. 6'!E8=0,"",'Ber. st. 6'!E8) | L27: =IF('Ber. st. 6'!G8=0,"",'Ber. st. 6'!G8) | N27: =IFERROR(IF('Ber. st. 9'!B8=0,"",'Ber. st. 9'!B8),"") | O27: =IF('Ber. st. 9'!C8=0,"",'Ber. st. 9'!C8) | P27: =IF('Ber. st. 9'!D8=0,"",'Ber. st. 9'!D8) | Q27: =IF('Ber. st. 9'!E8=0,"",'Ber. st. 9'!E8) | R27: =IF('Ber. st. 9'!G8=0,"",'Ber. st. 9'!G8)
B28: =IFERROR(IF('Ber. st. 3'!B9=0,"",'Ber. st. 3'!B9),"") | C28: =IF('Ber. st. 3'!C9=0,"",'Ber. st. 3'!C9) | D28: =IF('Ber. st. 3'!D9=0,"",'Ber. st. 3'!D9) | E28: =IF('Ber. st. 3'!E9=0,"",'Ber. st. 3'!E9) | F28: =IF('Ber. st. 3'!G9=0,"",'Ber. st. 3'!G9) | H28: =IFERROR(IF('Ber. st. 6'!B9=0,"",'Ber. st. 6'!B9),"") | I28: =IF('Ber. st. 6'!C9=0,"",'Ber. st. 6'!C9) | J28: =IF('Ber. st. 6'!D9=0,"",'Ber. st. 6'!D9) | K28: =IF('Ber. st. 6'!E9=0,"",'Ber. st. 6'!E9) | L28: =IF('Ber. st. 6'!G9=0,"",'Ber. st. 6'!G9) | N28: =IFERROR(IF('Ber. st. 9'!B9=0,"",'Ber. st. 9'!B9),"") | O28: =IF('Ber. st. 9'!C9=0,"",'Ber. st. 9'!C9) | P28: =IF('Ber. st. 9'!D9=0,"",'Ber. st. 9'!D9) | Q28: =IF('Ber. st. 9'!E9=0,"",'Ber. st. 9'!E9) | R28: =IF('Ber. st. 9'!G9=0,"",'Ber. st. 9'!G9)
B29: =IFERROR(IF('Ber. st. 3'!B10=0,"",'Ber. st. 3'!B10),"") | C29: =IF('Ber. st. 3'!C10=0,"",'Ber. st. 3'!C10) | D29: =IF('Ber. st. 3'!D10=0,"",'Ber. st. 3'!D10) | E29: =IF('Ber. st. 3'!E10=0,"",'Ber. st. 3'!E10) | F29: =IF('Ber. st. 3'!G10=0,"",'Ber. st. 3'!G10) | H29: =IFERROR(IF('Ber. st. 6'!B10=0,"",'Ber. st. 6'!B10),"") | I29: =IF('Ber. st. 6'!C10=0,"",'Ber. st. 6'!C10) | J29: =IF('Ber. st. 6'!D10=0,"",'Ber. st. 6'!D10) | K29: =IF('Ber. st. 6'!E10=0,"",'Ber. st. 6'!E10) | L29: =IF('Ber. st. 6'!G10=0,"",'Ber. st. 6'!G10) | N29: =IFERROR(IF('Ber. st. 9'!B10=0,"",'Ber. st. 9'!B10),"") | O29: =IF('Ber. st. 9'!C10=0,"",'Ber. st. 9'!C10) | P29: =IF('Ber. st. 9'!D10=0,"",'Ber. st. 9'!D10) | Q29: =IF('Ber. st. 9'!E10=0,"",'Ber. st. 9'!E10) | R29: =IF('Ber. st. 9'!G10=0,"",'Ber. st. 9'!G10)
